FILE_NAME=Trajectory_L4ToStow.csv,T=0.54,dt=0.001,h0=0.7,hf=0.0,theta0_deg=-235.0,thetaf_deg=-93.0,dh0=0.0,dhf=0.0,dtheta0=0.0,dthetaf=0.0,h_min_for_arm=0.3,penalty_strength=100000000.0
time,height,angle_deg,dh,dtheta_rad_s
0.000000000000000000e+00,6.999999999999999556e-01,-2.350000000000000000e+02,1.106673378469707831e-36,-6.981793524718793489e-39
1.000000000000000021e-03,6.999999999999999556e-01,-2.350000000000000000e+02,2.260912388634498185e-03,7.883013637338899537e-02
2.000000000000000042e-03,7.000022609123885964e-01,-2.349954833658873667e+02,4.474512912762446289e-03,1.572954646623446751e-01
3.000000000000000062e-03,7.000067354253013407e-01,-2.349864709996256522e+02,6.640801793743896994e-03,2.353959927133999208e-01
4.000000000000000083e-03,7.000133762270951410e-01,-2.349729838027288622e+02,8.759779248207737873e-03,3.131317283366075177e-01
5.000000000000000104e-03,7.000221360063433318e-01,-2.349550426762635595e+02,1.083144548805171567e-02,3.905026793055410561e-01
6.000000000000000125e-03,7.000329674518313006e-01,-2.349326685208507968e+02,1.285580072044245452e-02,4.675088533572955840e-01
7.000000000000000146e-03,7.000458232525517133e-01,-2.349058822366684183e+02,1.483284514781547589e-02,5.441502581924885229e-01
8.000000000000000167e-03,7.000606560976995185e-01,-2.348747047234530498e+02,1.676257896787522461e-02,6.204269014752603617e-01
9.000000000000001055e-03,7.000774186766673957e-01,-2.348391568805021734e+02,1.864500237359507928e-02,6.963387908332754339e-01
1.000000000000000021e-02,7.000960636790409808e-01,-2.347992596066761450e+02,2.048011555321738522e-02,7.718859338577225282e-01
1.099999999999999936e-02,7.001165437945942038e-01,-2.347550338004006107e+02,2.226791869025345622e-02,8.470683381033161652e-01
1.200000000000000025e-02,7.001388117132844036e-01,-2.347065003596681265e+02,2.400841196348360920e-02,9.218860110882967085e-01
1.300000000000000114e-02,7.001628201252478867e-01,-2.346536801820406595e+02,2.570159554695716428e-02,9.963389602944313639e-01
1.400000000000000029e-02,7.001885217207948209e-01,-2.345965941646512931e+02,2.734746960999248980e-02,1.070427193167015290e+00
1.499999999999999944e-02,7.002158691904047938e-01,-2.345352632042068137e+02,2.894603431717698849e-02,1.144150717114871485e+00
1.600000000000000033e-02,7.002448152247220392e-01,-2.344697081969892452e+02,3.049728982836713218e-02,1.217509539510352345e+00
1.700000000000000122e-02,7.002753125145504409e-01,-2.343999500388583783e+02,3.200123629868847214e-02,1.290503667689340439e+00
1.800000000000000211e-02,7.003073137508490920e-01,-2.343260096252536471e+02,3.345787387853564609e-02,1.363133108951248396e+00
1.899999999999999953e-02,7.003407716247276316e-01,-2.342479078511962030e+02,3.486720271357242329e-02,1.435397870559020239e+00
2.000000000000000042e-02,7.003756388274412492e-01,-2.341656656112910753e+02,3.622922294473168020e-02,1.507297959739132276e+00
2.100000000000000130e-02,7.004118680503860217e-01,-2.340793037997293595e+02,3.754393470821544565e-02,1.578833383681593316e+00
2.199999999999999872e-02,7.004494119850942502e-01,-2.339888433102900649e+02,3.881133813549489386e-02,1.650004149539945786e+00
2.299999999999999961e-02,7.004882233232297972e-01,-2.338943050363423595e+02,4.003143335331036529e-02,1.720810264431266168e+00
2.400000000000000050e-02,7.005282547565830908e-01,-2.337957098708477019e+02,4.120422048367138740e-02,1.791251735436166115e+00
2.500000000000000139e-02,7.005694589770667946e-01,-2.336930787063617174e+02,4.232969964385666084e-02,1.861328569598792892e+00
2.600000000000000228e-02,7.006117886767107006e-01,-2.335864324350365280e+02,4.340787094641411492e-02,1.931040773926829379e+00
2.699999999999999969e-02,7.006551965476570665e-01,-2.334757919486228843e+02,4.443873449916087986e-02,2.000388355391496731e+00
2.800000000000000058e-02,7.006996352821561747e-01,-2.333611781384718427e+02,4.542229040518330069e-02,2.069371320927552382e+00
2.900000000000000147e-02,7.007450575725613362e-01,-2.332426118955372374e+02,4.635853876283697189e-02,2.137989677433292712e+00
2.999999999999999889e-02,7.007914161113241169e-01,-2.331201141103778127e+02,4.724747966574673746e-02,2.206243431770554597e+00
3.099999999999999978e-02,7.008386635909898965e-01,-2.329937056731588712e+02,4.808911320280667701e-02,2.274132590764712525e+00
3.200000000000000067e-02,7.008867527041926504e-01,-2.328634074736548882e+02,4.888343945818015429e-02,2.341657161204682591e+00
3.300000000000000155e-02,7.009356361436508420e-01,-2.327292404012513316e+02,4.963045851129978953e-02,2.408817149842921612e+00
3.400000000000000244e-02,7.009852666021622047e-01,-2.325912253449465936e+02,5.033017043686748015e-02,2.475612563395428900e+00
3.500000000000000333e-02,7.010355967725990789e-01,-2.324493831933544925e+02,5.098257530485442862e-02,2.542043408541745819e+00
3.600000000000000422e-02,7.010865793479039709e-01,-2.323037348347060060e+02,5.158767318050112155e-02,2.608109691924956675e+00
3.699999999999999817e-02,7.011381670210844463e-01,-2.321543011568515169e+02,5.214546412431733668e-02,2.673811420151689600e+00
3.799999999999999906e-02,7.011903124852087998e-01,-2.320011030472629727e+02,5.265594819208218452e-02,2.739148599792117889e+00
3.899999999999999994e-02,7.012429684334009483e-01,-2.318441613930357050e+02,5.311912543484405974e-02,2.804121237379959108e+00
4.000000000000000083e-02,7.012960875588357679e-01,-2.316834970808908736e+02,5.353499589892068283e-02,2.868729339412476875e+00
4.100000000000000172e-02,7.013496225547347640e-01,-2.315191309971772000e+02,5.390355962589911398e-02,2.932972912350482186e+00
4.200000000000000261e-02,7.014035261143606315e-01,-2.313510840278732985e+02,5.422481665263571837e-02,2.996851962618331644e+00
4.300000000000000350e-02,7.014577509310132575e-01,-2.311793770585897505e+02,5.449876701125620088e-02,3.060366496603930120e+00
4.399999999999999745e-02,7.015122496980245037e-01,-2.310040309745711511e+02,5.472541072915559218e-02,3.123516520658731643e+00
4.499999999999999833e-02,7.015669751087536543e-01,-2.308250666606980133e+02,5.490474782899826961e-02,3.186302041097738069e+00
4.599999999999999922e-02,7.016218798565826420e-01,-2.306425050014891838e+02,5.503677832871793629e-02,3.248723064199501742e+00
4.700000000000000011e-02,7.016769166349113851e-01,-2.304563668811037758e+02,5.512150224151764893e-02,3.310779596206125053e+00
4.800000000000000100e-02,7.017320381371529026e-01,-2.302666731833431299e+02,5.515891957586980393e-02,3.372471643323260881e+00
4.900000000000000189e-02,7.017871970567288731e-01,-2.300734447916531167e+02,5.514903033551612349e-02,3.433799211720113931e+00
5.000000000000000278e-02,7.018423460870643060e-01,-2.298767025891261824e+02,5.509183451946769033e-02,3.494762307529441614e+00
5.100000000000000366e-02,7.018974379215838777e-01,-2.296764674585033674e+02,5.498733212200491993e-02,3.555360936847552722e+00
5.200000000000000455e-02,7.019524252537058251e-01,-2.294727602821763242e+02,5.483552313267756745e-02,3.615595105734310977e+00
5.299999999999999850e-02,7.020072607768385042e-01,-2.292656019421895905e+02,5.463640753630474856e-02,3.675464820213132811e+00
5.399999999999999939e-02,7.020618971843748390e-01,-2.290550133202425798e+02,5.438998531297488392e-02,3.734970086270989587e+00
5.500000000000000028e-02,7.021162871696878804e-01,-2.288410152976916265e+02,5.409625643804577555e-02,3.794110909858408043e+00
5.600000000000000117e-02,7.021703834261259214e-01,-2.286236287555521756e+02,5.375522088214450961e-02,3.852887296889470736e+00
5.700000000000000205e-02,7.022241386470080560e-01,-2.284028745745008848e+02,5.336687861116755360e-02,3.911299253241816487e+00
5.800000000000000294e-02,7.022775055256191834e-01,-2.281787736348774445e+02,5.293122958628066616e-02,3.969346784756640378e+00
5.900000000000000383e-02,7.023304367552054561e-01,-2.279513468166870780e+02,5.244827376391895252e-02,4.027029897238695533e+00
5.999999999999999778e-02,7.023828850289693948e-01,-2.277206149996023044e+02,5.191801109578682294e-02,4.084348596456293556e+00
6.099999999999999867e-02,7.024348030400652254e-01,-2.274865990629651833e+02,5.134044152885802043e-02,4.141302888141304983e+00
6.199999999999999956e-02,7.024861434815939942e-01,-2.272493198857893333e+02,5.071556500537557910e-02,4.197892777989157054e+00
6.300000000000000044e-02,7.025368590465993490e-01,-2.270087983467620916e+02,5.004338146285184502e-02,4.254118271658841266e+00
6.400000000000000133e-02,7.025869024280623210e-01,-2.267650553242465605e+02,4.932389083406847619e-02,4.309979374772905381e+00
6.500000000000000222e-02,7.026362263188963286e-01,-2.265181116962836256e+02,4.855709304707639395e-02,4.365476092917459638e+00
6.600000000000000311e-02,7.026847834119434033e-01,-2.262679883405942007e+02,4.774298802519583163e-02,4.420608431642176761e+00
6.700000000000000400e-02,7.027325263999685268e-01,-2.260147061345811608e+02,4.688157568701628586e-02,4.475376396460290174e+00
6.800000000000000488e-02,7.027794079756555234e-01,-2.257582859553315586e+02,4.597285594639651668e-02,4.529779992848595782e+00
6.900000000000000577e-02,7.028253808316019535e-01,-2.254987486796185010e+02,4.501682871246455442e-02,4.583819226247454637e+00
7.000000000000000666e-02,7.028703976603144499e-01,-2.252361151839036211e+02,4.401349388961767889e-02,4.637494102060788492e+00
7.100000000000000755e-02,7.029144111542040552e-01,-2.249704063443387270e+02,4.296285137752239858e-02,4.690804625656085136e+00
7.200000000000000844e-02,7.029573740055814479e-01,-2.247016430367681892e+02,4.186490107111447145e-02,4.743750802364398389e+00
7.299999999999999545e-02,7.029992389066526126e-01,-2.244298461367308732e+02,4.071964286059885640e-02,4.796332637480344552e+00
7.399999999999999634e-02,7.030399585495132886e-01,-2.241550365194624419e+02,3.952707663144974792e-02,4.848550136262106847e+00
7.499999999999999722e-02,7.030794856261447512e-01,-2.238772350598970320e+02,3.828720226441051366e-02,4.900403303931436305e+00
7.599999999999999811e-02,7.031177728284091488e-01,-2.235964626326698124e+02,3.700001963549370831e-02,4.951892145673649104e+00
7.699999999999999900e-02,7.031547728480446180e-01,-2.233127401121187461e+02,3.566552861598108054e-02,5.003016666637630117e+00
7.799999999999999989e-02,7.031904383766605093e-01,-2.230260883722868073e+02,3.428372907242353135e-02,5.053776871935830250e+00
7.900000000000000078e-02,7.032247221057330577e-01,-2.227365282869240559e+02,3.285462086664109327e-02,5.104172766644270887e+00
8.000000000000000167e-02,7.032575767265997202e-01,-2.224440807294897127e+02,3.137820385572296505e-02,5.154204355802542104e+00
8.100000000000000255e-02,7.032889549304554011e-01,-2.221487665731542620e+02,2.985447789202742494e-02,5.203871644413800901e+00
8.200000000000000344e-02,7.033188094083474562e-01,-2.218506066908015271e+02,2.828344282318188616e-02,5.253174637444777417e+00
8.300000000000000433e-02,7.033470928511706965e-01,-2.215496219550308012e+02,2.666509849208284141e-02,5.302113339825771376e+00
8.400000000000000522e-02,7.033737579496627257e-01,-2.212458332381587809e+02,2.499944473689585597e-02,5.350687756450652088e+00
8.500000000000000611e-02,7.033987573943996097e-01,-2.209392614122218390e+02,2.328648139105555723e-02,5.398897892176861113e+00
8.600000000000000699e-02,7.034220438757906591e-01,-2.206299273489780148e+02,2.152620828326561042e-02,5.446743751825413149e+00
8.700000000000000788e-02,7.034435700840739880e-01,-2.203178519199092023e+02,1.971862523749870477e-02,5.494225340180892481e+00
8.799999999999999489e-02,7.034632887093115183e-01,-2.200030559962229972e+02,1.786373207299652918e-02,5.541342661991459195e+00
8.899999999999999578e-02,7.034811524413845385e-01,-2.196855604488550853e+02,1.596152860426977571e-02,5.588095721968845631e+00
8.999999999999999667e-02,7.034971139699887077e-01,-2.193653861484711740e+02,1.401201464109809447e-02,5.634484524788357263e+00
9.099999999999999756e-02,7.035111259846298370e-01,-2.190425539654690112e+02,1.201518998853008668e-02,5.680509075088874482e+00
9.199999999999999845e-02,7.035231411746183383e-01,-2.187170847699806586e+02,9.971054446883290817e-03,5.726169377472851707e+00
9.299999999999999933e-02,7.035331122290653383e-01,-2.183889994318743959e+02,7.879607811744151341e-03,5.771465436506320046e+00
9.400000000000000022e-02,7.035409918368770166e-01,-2.180583188207569663e+02,5.740849873968003128e-03,5.816397256718884634e+00
9.500000000000000111e-02,7.035467326867510529e-01,-2.177250638059755090e+02,3.554780419679054101e-03,5.860964842603728187e+00
9.600000000000000200e-02,7.035502874671707429e-01,-2.173892552566197764e+02,1.321399230270358131e-03,5.905168198617609221e+00
9.700000000000000289e-02,7.035516088664011125e-01,-2.170509140415241234e+02,-9.592939175962035070e-04,5.949007329180863834e+00
9.800000000000000377e-02,7.035506495724833664e-01,-2.167100610292696388e+02,-3.287299251989945874e-03,5.992482238677403927e+00
9.900000000000000466e-02,7.035473622732314469e-01,-2.163667170881863342e+02,-5.662617005711401835e-03,6.035592931454721644e+00
1.000000000000000056e-01,7.035416996562258163e-01,-2.160209030863549913e+02,-8.085247416292348083e-03,6.078339411823884930e+00
1.010000000000000064e-01,7.035336144088094601e-01,-2.156726398916094354e+02,-1.055519072599582324e-02,6.120721684059542866e+00
1.020000000000000073e-01,7.035230592180835574e-01,-2.153219483715386389e+02,-1.307244718181616028e-02,6.162739752399922111e+00
1.030000000000000082e-01,7.035099867709015964e-01,-2.149688493934886253e+02,-1.563701703547900473e-02,6.204393621046829566e+00
1.040000000000000091e-01,7.034943497538661550e-01,-2.146133638245647433e+02,-1.824890054344134246e-02,6.245683294165651489e+00
1.049999999999999961e-01,7.034761008533226834e-01,-2.142555125316337126e+02,-2.090809796689152220e-02,6.286608775885356160e+00
1.059999999999999970e-01,7.034551927553558404e-01,-2.138953163813255856e+02,-2.361460957174928502e-02,6.327170070298492099e+00
1.069999999999999979e-01,7.034315781457840533e-01,-2.135327962400359922e+02,-2.636843562866579213e-02,6.367367181461188075e+00
1.079999999999999988e-01,7.034052097101554102e-01,-2.131679729739281868e+02,-2.916957641302365609e-02,6.407200113393154872e+00
1.089999999999999997e-01,7.033760401337423307e-01,-2.128008674489350369e+02,-3.201803220493695118e-02,6.446668870077686186e+00
1.100000000000000006e-01,7.033440221015374583e-01,-2.124315005307611841e+02,-3.491380328925125509e-02,6.485773455461657733e+00
1.110000000000000014e-01,7.033091082982482201e-01,-2.120598930848852604e+02,-3.785688995554367664e-02,6.524513873455528135e+00
1.120000000000000023e-01,7.032712514082926081e-01,-2.116860659765617072e+02,-4.084729249812287660e-02,6.562890127933338036e+00
1.130000000000000032e-01,7.032304041157944052e-01,-2.113100400708230495e+02,-4.388501121602911975e-02,6.600902222732714542e+00
1.140000000000000041e-01,7.031865191045784114e-01,-2.109318362324819418e+02,-4.697004641303427486e-02,6.638550161654865889e+00
1.150000000000000050e-01,7.031395490581654473e-01,-2.105514753261332146e+02,-5.010239839764185632e-02,6.675833948464586776e+00
1.160000000000000059e-01,7.030894466597678027e-01,-2.101689782161560913e+02,-5.328206748308707275e-02,6.712753586890255697e+00
1.170000000000000068e-01,7.030361645922847957e-01,-2.097843657667159505e+02,-5.650905398733682000e-02,6.749309080623836721e+00
1.180000000000000077e-01,7.029796555382974432e-01,-2.093976588417668836e+02,-5.978335823308975755e-02,6.785500433320878599e+00
1.190000000000000085e-01,7.029198721800642424e-01,-2.090088783050534005e+02,-6.310498054777631538e-02,6.821327648600516547e+00
1.199999999999999956e-01,7.028567671995165078e-01,-2.086180450201126746e+02,-6.647392126355870789e-02,6.856790730045472237e+00
1.209999999999999964e-01,7.027902932782528200e-01,-2.082251798502766462e+02,-6.989018071733102411e-02,6.891889681202054696e+00
1.219999999999999973e-01,7.027204030975355842e-01,-2.078303036586740404e+02,-7.335375925071918601e-02,6.926624505580158520e+00
1.229999999999999982e-01,7.026470493382848126e-01,-2.074334373082323850e+02,-7.686465721008106655e-02,6.960995206653265654e+00
1.239999999999999991e-01,7.025701846810747941e-01,-2.070346016616803695e+02,-8.042287494650644797e-02,6.995001787858445397e+00
1.250000000000000000e-01,7.024897618061283211e-01,-2.066338175815496072e+02,-8.402841281581713284e-02,7.028644252596358832e+00
1.260000000000000009e-01,7.024057333933124703e-01,-2.062311059301769376e+02,-8.768127117856688857e-02,7.061922604231249956e+00
1.270000000000000018e-01,7.023180521221339401e-01,-2.058264875697064724e+02,-9.138145040004153064e-02,7.094836846090953664e+00
1.280000000000000027e-01,7.022266706717339435e-01,-2.054199833620915570e+02,-9.512895085025901976e-02,7.127386981466895755e+00
1.290000000000000036e-01,7.021315417208836562e-01,-2.050116141690970153e+02,-9.892377290396936473e-02,7.159573013614088488e+00
1.300000000000000044e-01,7.020326179479796647e-01,-2.046014008523011398e+02,-1.027659169406547890e-01,7.191394945751135914e+00
1.310000000000000053e-01,7.019298520310389700e-01,-2.041893642730979082e+02,-1.066553833445297028e-01,7.222852781060232097e+00
1.320000000000000062e-01,7.018231966476944361e-01,-2.037755252926988305e+02,-1.105921725045407450e-01,7.253946522687158449e+00
1.330000000000000071e-01,7.017126044751899050e-01,-2.033599047721352520e+02,-1.145762848143668106e-01,7.284676173741290839e+00
1.340000000000000080e-01,7.015980281903756444e-01,-2.029425235722603702e+02,-1.186077206724191618e-01,7.315041737295593371e+00
1.350000000000000089e-01,7.014794204697032409e-01,-2.025234025537512821e+02,-1.226864804818413729e-01,7.345043216386622831e+00
1.360000000000000098e-01,7.013567339892213814e-01,-2.021025625771111436e+02,-1.268125646505094128e-01,7.374680614014526903e+00
1.370000000000000107e-01,7.012299214245708567e-01,-2.016800245026711593e+02,-1.309859735910317013e-01,7.403953933143045063e+00
1.380000000000000115e-01,7.010989354509797877e-01,-2.012558091905927711e+02,-1.352067077207491641e-01,7.432863176699509467e+00
1.390000000000000124e-01,7.009637287432590735e-01,-2.008299375008696757e+02,-1.394747674617351496e-01,7.461408347574845834e+00
1.400000000000000133e-01,7.008242539757972844e-01,-2.004024302933299566e+02,-1.437901532407956928e-01,7.489589448623569012e+00
1.410000000000000142e-01,7.006804638225565540e-01,-1.999733084276381305e+02,-1.481528654894693486e-01,7.517406482663790968e+00
1.420000000000000151e-01,7.005323109570670281e-01,-1.995425927632971934e+02,-1.525629046440273584e-01,7.544859452477213679e+00
1.430000000000000160e-01,7.003797480524229790e-01,-1.991103041596508945e+02,-1.570202711454735944e-01,7.571948360809134471e+00
1.440000000000000169e-01,7.002227277812774764e-01,-1.986764634758854982e+02,-1.615249654395447265e-01,7.598673210368444231e+00
1.449999999999999900e-01,7.000612028158380573e-01,-1.982410915710322570e+02,-1.660769879767101942e-01,7.625034003827629192e+00
1.459999999999999909e-01,6.998951258278612864e-01,-1.978042093039691736e+02,-1.706763392121722622e-01,7.651030743822766489e+00
1.469999999999999918e-01,6.997244494886490918e-01,-1.973658375334233028e+02,-1.753230196058660206e-01,7.676663432953532151e+00
1.479999999999999927e-01,6.995491264690432143e-01,-1.969259971179726563e+02,-1.800170296224595512e-01,7.701932073783193111e+00
1.489999999999999936e-01,6.993691094394207663e-01,-1.964847089160484472e+02,-1.847583697313538165e-01,7.726836668838615196e+00
1.499999999999999944e-01,6.991843510696894581e-01,-1.960419937859370521e+02,-1.895470404066828540e-01,7.751377220610257801e+00
1.509999999999999953e-01,6.989948040292827125e-01,-1.955978725857822837e+02,-1.943830421273137210e-01,7.775553731552174774e+00
1.519999999999999962e-01,6.988004209871554462e-01,-1.951523661735871258e+02,-1.992663753768465773e-01,7.799366204082018861e+00
1.529999999999999971e-01,6.986011546117786297e-01,-1.947054954072162332e+02,-2.041970406436147689e-01,7.822814640581035484e+00
1.539999999999999980e-01,6.983969575711350686e-01,-1.942572811443978082e+02,-2.091750384206848001e-01,7.845899043394069849e+00
1.549999999999999989e-01,6.981877825327144071e-01,-1.938077442427255903e+02,-2.142003692058564723e-01,7.868619414829560732e+00
1.559999999999999998e-01,6.979735821635085768e-01,-1.933569055596611861e+02,-2.192730335016628562e-01,7.890975757159546689e+00
1.570000000000000007e-01,6.977543091300069111e-01,-1.929047859525358604e+02,-2.243930318153703751e-01,7.912968072619661619e+00
1.580000000000000016e-01,6.975299160981914826e-01,-1.924514062785529802e+02,-2.295603646589788605e-01,7.934596363409136544e+00
1.590000000000000024e-01,6.973003557335325509e-01,-1.919967873947898056e+02,-2.347750325492215795e-01,7.955860631690801377e+00
1.600000000000000033e-01,6.970655807009833449e-01,-1.915409501581995926e+02,-2.400370360075653742e-01,7.976760879591082265e+00
1.610000000000000042e-01,6.968255436649757328e-01,-1.910839154256140091e+02,-2.453463755602105500e-01,7.997297109200004250e+00
1.620000000000000051e-01,6.965801972894155591e-01,-1.906257040537446414e+02,-2.507030517380910428e-01,8.017469322571191270e+00
1.630000000000000060e-01,6.963294942376774266e-01,-1.901663368991856942e+02,-2.561070650768745294e-01,8.037277521721859941e+00
1.640000000000000069e-01,6.960733871726004773e-01,-1.897058348184156955e+02,-2.615584161169622890e-01,8.056721708632837320e+00
1.650000000000000078e-01,6.958118287564835081e-01,-1.892442186677996006e+02,-2.670571054034894809e-01,8.075801885248537815e+00
1.660000000000000087e-01,6.955447716510799738e-01,-1.887815093035910650e+02,-2.726031334863250333e-01,8.094518053476980057e+00
1.670000000000000095e-01,6.952721685175936583e-01,-1.883177275819344061e+02,-2.781965009200716987e-01,8.112870215189779799e+00
1.680000000000000104e-01,6.949939720166736778e-01,-1.878528943588666209e+02,-2.838372082640661653e-01,8.130858372222155239e+00
1.690000000000000113e-01,6.947101348084094852e-01,-1.873870304903196882e+02,-2.895252560823793342e-01,8.148482526372921697e+00
1.700000000000000122e-01,6.944206095523272060e-01,-1.869201568321224158e+02,-2.952606449438158198e-01,8.165742679404491611e+00
1.710000000000000131e-01,6.941253489073833105e-01,-1.864522942400026864e+02,-3.010433754219146718e-01,8.182638833042883419e+00
1.720000000000000140e-01,6.938243055319615049e-01,-1.859834635695894747e+02,-3.068734480949487642e-01,8.199170988977712682e+00
1.730000000000000149e-01,6.935174320838665141e-01,-1.855136856764149229e+02,-3.127508635459255171e-01,8.215339148862193852e+00
1.740000000000000158e-01,6.932046812203206398e-01,-1.850429814159165289e+02,-3.186756223625863971e-01,8.231143314313142056e+00
1.750000000000000167e-01,6.928860055979579879e-01,-1.845713716434390221e+02,-3.246477251374072504e-01,8.246583486910976646e+00
1.759999999999999898e-01,6.925613578728206932e-01,-1.840988772142367509e+02,-3.306671724675984692e-01,8.261659668199710538e+00
1.769999999999999907e-01,6.922306907003530352e-01,-1.836255189834754731e+02,-3.367339649551047143e-01,8.276371859686966204e+00
1.779999999999999916e-01,6.918939567353979969e-01,-1.831513178062345446e+02,-3.428481032066052481e-01,8.290720062843959681e+00
1.789999999999999925e-01,6.915511086321913803e-01,-1.826762945375091363e+02,-3.490095878335138790e-01,8.304704279105513010e+00
1.799999999999999933e-01,6.912020990443578095e-01,-1.822004700322121664e+02,-3.552184194519791283e-01,8.318324509870047123e+00
1.809999999999999942e-01,6.908468806249058458e-01,-1.817238651451763758e+02,-3.614745986828840629e-01,8.331580756499583629e+00
1.819999999999999951e-01,6.904854060262229920e-01,-1.812465007311565444e+02,-3.677781261518466294e-01,8.344473020319751910e+00
1.829999999999999960e-01,6.901176279000710290e-01,-1.807683976448314240e+02,-3.741290024892196531e-01,8.357001302619773142e+00
1.839999999999999969e-01,6.897434988975817971e-01,-1.802895767408060124e+02,-3.805272283300907277e-01,8.369165604652479828e+00
1.849999999999999978e-01,6.893629716692517562e-01,-1.798100588736133432e+02,-3.869728043142823815e-01,8.380965927634296264e+00
1.859999999999999987e-01,6.889759988649374334e-01,-1.793298648977169307e+02,-3.934657310863522994e-01,8.392402272745261627e+00
1.869999999999999996e-01,6.885825331338510935e-01,-1.788490156675126457e+02,-4.000060092955930457e-01,8.403474641129005107e+00
1.880000000000000004e-01,6.881825271245554099e-01,-1.783675320373307329e+02,-4.065936395960325633e-01,8.414183033892769004e+00
1.890000000000000013e-01,6.877759334849594675e-01,-1.778854348614381138e+02,-4.132286226464338408e-01,8.424527452107385628e+00
1.900000000000000022e-01,6.873627048623131008e-01,-1.774027449940402619e+02,-4.199109591102950789e-01,8.434507896807303950e+00
1.910000000000000031e-01,6.869427939032027863e-01,-1.769194832892834199e+02,-4.266406496558501349e-01,8.444124368990562957e+00
1.920000000000000040e-01,6.865161532535468680e-01,-1.764356706012566747e+02,-4.334176949560679115e-01,8.453376869618812961e+00
1.930000000000000049e-01,6.860827355585908949e-01,-1.759513277839940031e+02,-4.402420956886529124e-01,8.462265399617303174e+00
1.940000000000000058e-01,6.856424934629021806e-01,-1.754664756914763473e+02,-4.471138525360452975e-01,8.470789959874887032e+00
1.950000000000000067e-01,6.851953796103661398e-01,-1.749811351776337176e+02,-4.540329661854207166e-01,8.478950551244018641e+00
1.960000000000000075e-01,6.847413466441807373e-01,-1.744953270963473244e+02,-4.609994373286905867e-01,8.486747174540758110e+00
1.970000000000000084e-01,6.842803472068520465e-01,-1.740090723014515675e+02,-4.680132666625019255e-01,8.494179830544769771e+00
1.980000000000000093e-01,6.838123339401894762e-01,-1.735223916467362244e+02,-4.750744548882377405e-01,8.501248519999315079e+00
1.990000000000000102e-01,6.833372594853012183e-01,-1.730353059859484119e+02,-4.821830027120168061e-01,8.507953243611268590e+00
2.000000000000000111e-01,6.828550764825891406e-01,-1.725478361727948595e+02,-4.893389108446939972e-01,8.514294002051096655e+00
2.010000000000000120e-01,6.823657375717444573e-01,-1.720600030609437852e+02,-4.965421800018599563e-01,8.520270795952880505e+00
2.020000000000000129e-01,6.818691953917426218e-01,-1.715718275040271124e+02,-5.037928109038418700e-01,8.525883625914294939e+00
2.030000000000000138e-01,6.813654025808387749e-01,-1.710833303556425165e+02,-5.110908042757026370e-01,8.531132492496626085e+00
2.040000000000000147e-01,6.808543117765630814e-01,-1.705945324693555278e+02,-5.184361608472415339e-01,8.536017396224758969e+00
2.050000000000000155e-01,6.803358756157158460e-01,-1.701054546987016067e+02,-5.258288813529943262e-01,8.540538337587186390e+00
2.060000000000000164e-01,6.798100467343629605e-01,-1.696161178971881611e+02,-5.332689665322331019e-01,8.544695317035998272e+00
2.070000000000000173e-01,6.792767777678306862e-01,-1.691265429182967921e+02,-5.407564171289661603e-01,8.548488334986895865e+00
2.080000000000000182e-01,6.787360213507016571e-01,-1.686367506154852265e+02,-5.482912338919387896e-01,8.551917391819179315e+00
2.089999999999999913e-01,6.781877301168097727e-01,-1.681467618421894485e+02,-5.558734175746327111e-01,8.554982487875756547e+00
2.099999999999999922e-01,6.776318566992350911e-01,-1.676565974518258315e+02,-5.635029689352660798e-01,8.557683623463134381e+00
2.109999999999999931e-01,6.770683537302997212e-01,-1.671662782977931840e+02,-5.711798887367941502e-01,8.560020798851427415e+00
2.119999999999999940e-01,6.764971738415630487e-01,-1.666758252334747681e+02,-5.789041777469088323e-01,8.561994014274354470e+00
2.129999999999999949e-01,6.759182696638160737e-01,-1.661852591122405727e+02,-5.866758367380391359e-01,8.563603269929235040e+00
2.139999999999999958e-01,6.753315938270779695e-01,-1.656946007874491897e+02,-5.944948664873509481e-01,8.564848565976994621e+00
2.149999999999999967e-01,6.747370989605906422e-01,-1.652038711124500594e+02,-6.023612677767471446e-01,8.565729902542166485e+00
2.159999999999999976e-01,6.741347376928139568e-01,-1.647130909405854027e+02,-6.102750413928679230e-01,8.566247279712881024e+00
2.169999999999999984e-01,6.735244626514210742e-01,-1.642222811251924384e+02,-6.182361881270905801e-01,8.566400697540876408e+00
2.179999999999999993e-01,6.729062264632940105e-01,-1.637314625196054010e+02,-6.262447087755297348e-01,8.566190156041493253e+00
2.190000000000000002e-01,6.722799817545184187e-01,-1.632406559771577292e+02,-6.343006041390376604e-01,8.565615655193679956e+00
2.200000000000000011e-01,6.716456811503794810e-01,-1.627498823511839419e+02,-6.424038750232038408e-01,8.564677194939985583e+00
2.210000000000000020e-01,6.710032772753562469e-01,-1.622591624950219398e+02,-6.505545222383553039e-01,8.563374775186563426e+00
2.220000000000000029e-01,6.703527227531178578e-01,-1.617685172620149672e+02,-6.587525465995568430e-01,8.561708395803171001e+00
2.230000000000000038e-01,6.696939702065183297e-01,-1.612779675055137432e+02,-6.669979489266106842e-01,8.559678056623171827e+00
2.240000000000000047e-01,6.690269722575917788e-01,-1.607875340788784797e+02,-6.752907300440572635e-01,8.557283757443531869e+00
2.250000000000000056e-01,6.683516815275477585e-01,-1.602972378354810985e+02,-6.836308907811746716e-01,8.554525498024821317e+00
2.260000000000000064e-01,6.676680506367665968e-01,-1.598070996287072205e+02,-6.920184319719788757e-01,8.551403278091212812e+00
2.270000000000000073e-01,6.669760322047945111e-01,-1.593171403119582692e+02,-7.004533544552241642e-01,8.547917097330484992e+00
2.280000000000000082e-01,6.662755788503393894e-01,-1.588273807386535168e+02,-7.089356590744025910e-01,8.544066955394020724e+00
2.290000000000000091e-01,6.655666431912650172e-01,-1.583378417622322445e+02,-7.174653466777447530e-01,8.539852851896805319e+00
2.300000000000000100e-01,6.648491778445871914e-01,-1.578485442361557887e+02,-7.260424181182194570e-01,8.535274786417426540e+00
2.310000000000000109e-01,6.641231354264689468e-01,-1.573595090139096726e+02,-7.346668742535336083e-01,8.530332758498079926e+00
2.320000000000000118e-01,6.633884685522154490e-01,-1.568707569490055391e+02,-7.433387159461330995e-01,8.525026767644561687e+00
2.330000000000000127e-01,6.626451298362692199e-01,-1.563823088949834528e+02,-7.520579440632018109e-01,8.519356813326274036e+00
2.340000000000000135e-01,6.618930718922060308e-01,-1.558941857054138040e+02,-7.608245594766628317e-01,8.513322894976221633e+00
2.350000000000000144e-01,6.611322473327294613e-01,-1.554064082338995547e+02,-7.696385630631775721e-01,8.506925011991011587e+00
2.360000000000000153e-01,6.603626087696662372e-01,-1.549189973340781989e+02,-7.784999557041464291e-01,8.500163163730855231e+00
2.370000000000000162e-01,6.595841088139621222e-01,-1.544319738596238665e+02,-7.874087382857085649e-01,8.493037349519569901e+00
2.380000000000000171e-01,6.587967000756763669e-01,-1.539453586642494258e+02,-7.963649116987424614e-01,8.485547568644571825e+00
2.390000000000000180e-01,6.580003351639776010e-01,-1.534591726017085875e+02,-8.053684768388651438e-01,8.477693820356881460e+00
2.399999999999999911e-01,6.571949666871387263e-01,-1.529734365257980073e+02,-8.144194346064334011e-01,8.469476103871128814e+00
2.409999999999999920e-01,6.563805472525322537e-01,-1.524881712903592756e+02,-8.235177859065428985e-01,8.460894418365537462e+00
2.419999999999999929e-01,6.555570294666257514e-01,-1.520033977492811346e+02,-8.326635316490287320e-01,8.451948762981944085e+00
2.429999999999999938e-01,6.547243659349767375e-01,-1.515191367565014673e+02,-8.418566727484655399e-01,8.442639136825778934e+00
2.439999999999999947e-01,6.538825092622282398e-01,-1.510354091660093729e+02,-8.510972101241673915e-01,8.432965538966078256e+00
2.449999999999999956e-01,6.530314120521041321e-01,-1.505522358318473550e+02,-8.603851447001880093e-01,8.422927968435486079e+00
2.459999999999999964e-01,6.521710269074039168e-01,-1.500696376081132826e+02,-8.697204774053209908e-01,8.412526424230245325e+00
2.469999999999999973e-01,6.513013064299985055e-01,-1.495876353489626069e+02,-8.791032091730994757e-01,8.401760905310197813e+00
2.479999999999999982e-01,6.504222032208254456e-01,-1.491062499086103230e+02,-8.885333409417965900e-01,8.390631410598794915e+00
2.489999999999999991e-01,6.495336698798835906e-01,-1.486255021413331008e+02,-8.980108736544256676e-01,8.379137938983085121e+00
2.500000000000000000e-01,6.486356590062291039e-01,-1.481454129014714169e+02,-9.075358082587399178e-01,8.367280489313722924e+00
2.510000000000000009e-01,6.477281231979703513e-01,-1.476660030434316013e+02,-9.171081457072327581e-01,8.355059060404963489e+00
2.520000000000000018e-01,6.468110150522630164e-01,-1.471872934216878548e+02,-9.267278869571378142e-01,8.342473651034662652e+00
2.530000000000000027e-01,6.458842871653058815e-01,-1.467093048907844661e+02,-9.363950329704294750e-01,8.329524259944278697e+00
2.540000000000000036e-01,6.449478921323354985e-01,-1.462320583053378016e+02,-9.461095847138222270e-01,8.316210885838875910e+00
2.550000000000000044e-01,6.440017825476216373e-01,-1.457555745200384933e+02,-9.558715431587712086e-01,8.302533527387115697e+00
2.560000000000000053e-01,6.430459110044628446e-01,-1.452798743896533438e+02,-9.656809092814723217e-01,8.288492183221260134e+00
2.570000000000000062e-01,6.420802300951813368e-01,-1.448049787690275991e+02,-9.755376840628622315e-01,8.274086851937173748e+00
2.580000000000000071e-01,6.411046924111184486e-01,-1.443309085130869107e+02,-9.854418684886182556e-01,8.259317532094327063e+00
2.590000000000000080e-01,6.401192505426297474e-01,-1.438576844768394949e+02,-9.953934635491589189e-01,8.244184222215787727e+00
2.600000000000000089e-01,6.391238570790805928e-01,-1.433853275153781794e+02,-1.005392470239643732e+00,8.228686920788222281e+00
2.610000000000000098e-01,6.381184646088409185e-01,-1.429138584838825068e+02,-1.015438889559973523e+00,8.212825626261901490e+00
2.620000000000000107e-01,6.371030257192810131e-01,-1.424432982376208372e+02,-1.025532722514789663e+00,8.196600337050696794e+00
2.630000000000000115e-01,6.360774929967661917e-01,-1.419736676319523099e+02,-1.035673970113476283e+00,8.180011051532080302e+00
2.640000000000000124e-01,6.350418190266526874e-01,-1.415049875223291735e+02,-1.045862633370157280e+00,8.163057768047121243e+00
2.650000000000000133e-01,6.339959563932824338e-01,-1.410372787642986054e+02,-1.056098713303699643e+00,8.145740484900491296e+00
2.660000000000000142e-01,6.329398576799787346e-01,-1.405705622135049282e+02,-1.066382210937711017e+00,8.128059200360464587e+00
2.670000000000000151e-01,6.318734754690410460e-01,-1.401048587256917983e+02,-1.076713127300541251e+00,8.110013912658908808e+00
2.680000000000000160e-01,6.307967623417405356e-01,-1.396401891567040821e+02,-1.087091463425282178e+00,8.091604619991299430e+00
2.690000000000000169e-01,6.297096708783153085e-01,-1.391765743624900153e+02,-1.097517220349766953e+00,8.072831320516703713e+00
2.700000000000000178e-01,6.286121536579655222e-01,-1.387140351991033640e+02,-1.107990399116571822e+00,8.053694012357794918e+00
2.710000000000000187e-01,6.275041632588489460e-01,-1.382525925227054699e+02,-1.118511000773014352e+00,8.034192693600839874e+00
2.720000000000000195e-01,6.263856522580759645e-01,-1.377922671895672977e+02,-1.129079026371154759e+00,8.014327362295707857e+00
2.730000000000000204e-01,6.252565732317048042e-01,-1.373330800560715375e+02,-1.139694476967795689e+00,7.994098016455863487e+00
2.740000000000000213e-01,6.241168787547369812e-01,-1.368750519787147084e+02,-1.150357353624481771e+00,7.973504654058374719e+00
2.750000000000000222e-01,6.229665214011125274e-01,-1.364182038141092619e+02,-1.161067657407501397e+00,7.952547273043904852e+00
2.760000000000000231e-01,6.218054537437051055e-01,-1.359625564189855709e+02,-1.171825389387884275e+00,7.931225871316714304e+00
2.770000000000000240e-01,6.206336283543172350e-01,-1.355081306501941754e+02,-1.182630550641404099e+00,7.909540446744664166e+00
2.780000000000000249e-01,6.194509978036757403e-01,-1.350549473647076866e+02,-1.193483142248576767e+00,7.887490997159211759e+00
2.790000000000000258e-01,6.182575146614271988e-01,-1.346030274196230039e+02,-1.204383165294661051e+00,7.865077520355412410e+00
2.800000000000000266e-01,6.170531314961326119e-01,-1.341523916721634180e+02,-1.215330620869659928e+00,7.842300014091918570e+00
2.810000000000000275e-01,6.158378008752629640e-01,-1.337030609796805720e+02,-1.226325510068318803e+00,7.819158476090978027e+00
2.820000000000000284e-01,6.146114753651946705e-01,-1.332550561996566216e+02,-1.237367833990126398e+00,7.795652904038439246e+00
2.830000000000000293e-01,6.133741075312044710e-01,-1.328083981897063097e+02,-1.248457593739314975e+00,7.771783295583743367e+00
2.840000000000000302e-01,6.121256499374652105e-01,-1.323631078075790981e+02,-1.259594790424860999e+00,7.747549648339929540e+00
2.850000000000000311e-01,6.108660551470403988e-01,-1.319192059111611286e+02,-1.270779425160483811e+00,7.722951959883634032e+00
2.860000000000000320e-01,6.095952757218798812e-01,-1.314767133584775252e+02,-1.282011499064646731e+00,7.697990227755088455e+00
2.870000000000000329e-01,6.083132642228151754e-01,-1.310356510076941845e+02,-1.293291013260557509e+00,7.672664449458118874e+00
2.880000000000000338e-01,6.070199732095546974e-01,-1.305960397171201919e+02,-1.304617968876167211e+00,7.646974622460146698e+00
2.889999999999999791e-01,6.057153552406785435e-01,-1.301579003452095833e+02,-1.315992367044171996e+00,7.620920744192189566e+00
2.899999999999999800e-01,6.043993628736343826e-01,-1.297212537505636760e+02,-1.327414208902010895e+00,7.594502812048859575e+00
2.909999999999999809e-01,6.030719486647323491e-01,-1.292861207919330297e+02,-1.338883495591868700e+00,7.567720823388365048e+00
2.919999999999999818e-01,6.017330651691403798e-01,-1.288525223282196350e+02,-1.350400228260673519e+00,7.540574775532504326e+00
2.929999999999999827e-01,6.003826649408797733e-01,-1.284204792184787891e+02,-1.361964408060099219e+00,7.513064665766675532e+00
2.939999999999999836e-01,5.990207005328197498e-01,-1.279900123219214976e+02,-1.373576036146563428e+00,7.485190491339865915e+00
2.949999999999999845e-01,5.976471244966731211e-01,-1.275611424979162365e+02,-1.385235113681229091e+00,7.456952249464658067e+00
2.959999999999999853e-01,5.962618893829919609e-01,-1.271338906059913256e+02,-1.396941641830004022e+00,7.428349937317229035e+00
2.969999999999999862e-01,5.948649477411618314e-01,-1.267082775058367758e+02,-1.408695621763540684e+00,7.399383552037346767e+00
2.979999999999999871e-01,5.934562521193983420e-01,-1.262843240573065060e+02,-1.420497054657237523e+00,7.370053090728372780e+00
2.989999999999999880e-01,5.920357550647411538e-01,-1.258620511204204320e+02,-1.432345941691237412e+00,7.340358550457261266e+00
2.999999999999999889e-01,5.906034091230498717e-01,-1.254414795553664561e+02,-1.444242284050429426e+00,7.310299928254557322e+00
3.009999999999999898e-01,5.891591668389993819e-01,-1.250226302225026700e+02,-1.456186082924447511e+00,7.279877221114399610e+00
3.019999999999999907e-01,5.877029807560748553e-01,-1.246055239823593865e+02,-1.468177339507671819e+00,7.249090425994516806e+00
3.029999999999999916e-01,5.862348034165671962e-01,-1.241901816956412148e+02,-1.480216054999227593e+00,7.217939539816230266e+00
3.039999999999999925e-01,5.847545873615680456e-01,-1.237766242232291347e+02,-1.492302230602986945e+00,7.186424559464450468e+00
3.049999999999999933e-01,5.832622851309650081e-01,-1.233648724261826573e+02,-1.504435867527567083e+00,7.154545481787678796e+00
3.059999999999999942e-01,5.817578492634374321e-01,-1.229549471657418422e+02,-1.516616966986331638e+00,7.122302303598009310e+00
3.069999999999999951e-01,5.802412322964510816e-01,-1.225468693033293732e+02,-1.528845530197390667e+00,7.089695021671122532e+00
3.079999999999999960e-01,5.787123867662535837e-01,-1.221406597005527033e+02,-1.541121558383600654e+00,7.056723632746291663e+00
3.089999999999999969e-01,5.771712652078699879e-01,-1.217363392192061013e+02,-1.553445052772564283e+00,7.023388133526377253e+00
3.099999999999999978e-01,5.756178201550974372e-01,-1.213339287212727697e+02,-1.565816014596630890e+00,6.989688520677829864e+00
3.109999999999999987e-01,5.740520041405007268e-01,-1.209334490689269046e+02,-1.578234445092896676e+00,6.955624790830686521e+00
3.119999999999999996e-01,5.724737696954079746e-01,-1.205349211245357424e+02,-1.590700345503204938e+00,6.921196940578575152e+00
3.130000000000000004e-01,5.708830693499047371e-01,-1.201383657506617482e+02,-1.603213717074145395e+00,6.886404966478711032e+00
3.140000000000000013e-01,5.692798556328305670e-01,-1.197438038100645912e+02,-1.615774561057055303e+00,6.851248865051896786e+00
3.150000000000000022e-01,5.676640810717735741e-01,-1.193512561657033189e+02,-1.628382878708019232e+00,6.815728632782522389e+00
3.160000000000000031e-01,5.660356981930655396e-01,-1.189607436807384033e+02,-1.641038671287868844e+00,6.779844266118564278e+00
3.170000000000000040e-01,5.643946595217776974e-01,-1.185722872185338446e+02,-1.653741940062183335e+00,6.743595761471586236e+00
3.180000000000000049e-01,5.627409175817154052e-01,-1.181859076426592168e+02,-1.666492686301289439e+00,6.706983115216737623e+00
3.190000000000000058e-01,5.610744248954142588e-01,-1.178016258168918000e+02,-1.679290911280262089e+00,6.670006323692753369e+00
3.200000000000000067e-01,5.593951339841338743e-01,-1.174194626052186265e+02,-1.692136616278923755e+00,6.632665383201953979e+00
3.210000000000000075e-01,5.577029973678550023e-01,-1.170394388718386267e+02,-1.705029802581844889e+00,6.594960290010245529e+00
3.220000000000000084e-01,5.559979675652731990e-01,-1.166615754811646610e+02,-1.717970471478343919e+00,6.556891040347120558e+00
3.230000000000000093e-01,5.542799970937949405e-01,-1.162858932978256234e+02,-1.730958624262487922e+00,6.518457630405651848e+00
3.240000000000000102e-01,5.525490384695324053e-01,-1.159124131866685445e+02,-1.743994262233092174e+00,6.479660056342499530e+00
3.250000000000000111e-01,5.508050442072993658e-01,-1.155411560127606236e+02,-1.757077386693720378e+00,6.440498314277905756e+00
3.260000000000000120e-01,5.490479668206056374e-01,-1.151721426413913747e+02,-1.770207998952685102e+00,6.400972400295696474e+00
3.270000000000000129e-01,5.472777588216529709e-01,-1.148053939380747153e+02,-1.783386100323047563e+00,6.361082310443279653e+00
3.280000000000000138e-01,5.454943727213299454e-01,-1.144409307685509845e+02,-1.796611692122617621e+00,6.320828040731647945e+00
3.290000000000000147e-01,5.436977610292071939e-01,-1.140787739987891314e+02,-1.809884775673954893e+00,6.280209587135372473e+00
3.300000000000000155e-01,5.418878762535332960e-01,-1.137189444949886621e+02,-1.823205352304367421e+00,6.239226945592609042e+00
3.310000000000000164e-01,5.400646709012290048e-01,-1.133614631235819132e+02,-1.836573423345913003e+00,6.197880112005093700e+00
3.320000000000000173e-01,5.382280974778830274e-01,-1.130063507512359422e+02,-1.849988990135398748e+00,6.156169082238141854e+00
3.330000000000000182e-01,5.363781084877475847e-01,-1.126536282448547865e+02,-1.863452054014381298e+00,6.114093852120652706e+00
3.340000000000000191e-01,5.345146564337333039e-01,-1.123033164715813825e+02,-1.876962616329167055e+00,6.071654417445100371e+00
3.350000000000000200e-01,5.326376938174041120e-01,-1.119554362987998246e+02,-1.890520678430811952e+00,6.028850773967543653e+00
3.360000000000000209e-01,5.307471731389732383e-01,-1.116100085941373123e+02,-1.904126241675122788e+00,5.985682917407617154e+00
3.370000000000000218e-01,5.288430468972981080e-01,-1.112670542254662962e+02,-1.917779307422655455e+00,5.942150843448535724e+00
3.380000000000000226e-01,5.269252675898754568e-01,-1.109265940609065950e+02,-1.931479877038716708e+00,5.898254547737092679e+00
3.390000000000000235e-01,5.249937877128367791e-01,-1.105886489688274139e+02,-1.945227951893363283e+00,5.853994025883656249e+00
3.400000000000000244e-01,5.230485597609433324e-01,-1.102532398178494759e+02,-1.959023533361403002e+00,5.809369273462175798e+00
3.410000000000000253e-01,5.210895362275819176e-01,-1.099203874768471110e+02,-1.972866622822393667e+00,5.764380286010175602e+00
3.420000000000000262e-01,5.191166696047595508e-01,-1.095901128149503165e+02,-1.986757221660644612e+00,5.719027059028756632e+00
3.430000000000000271e-01,5.171299123830989108e-01,-1.092624367015468465e+02,-2.000695331265215593e+00,5.673309587982597435e+00
3.440000000000000280e-01,5.151292170518336766e-01,-1.089373800062843429e+02,-2.014680953029917454e+00,5.627227868299949698e+00
3.450000000000000289e-01,5.131145360988036419e-01,-1.086149635990723681e+02,-2.028714088353312572e+00,5.580781895372641799e+00
3.460000000000000298e-01,5.110858220104503857e-01,-1.082952083500844935e+02,-2.042794738638713969e+00,5.533971664556077030e+00
3.470000000000000306e-01,5.090430272718116100e-01,-1.079781351297604459e+02,-2.056922905294187309e+00,5.486797171169231824e+00
3.480000000000000315e-01,5.069861043665174760e-01,-1.076637648088081249e+02,-2.071098589732548678e+00,5.439258410494655749e+00
3.490000000000000324e-01,5.049150057767848310e-01,-1.073521182582057349e+02,-2.085321793371366805e+00,5.391355377778474178e+00
3.500000000000000333e-01,5.028296839834134335e-01,-1.070432163492038740e+02,-2.099592517632961730e+00,5.343088068230383847e+00
3.510000000000000342e-01,5.007300914657804025e-01,-1.067370799533275516e+02,-2.113910763944406579e+00,5.294456477023653740e+00
3.519999999999999796e-01,4.986161807018360537e-01,-1.064337299423783918e+02,-2.128276533737525789e+00,5.245460599295124204e+00
3.529999999999999805e-01,4.964879041680985150e-01,-1.061331871884366223e+02,-2.142689828448895994e+00,5.196100430145207838e+00
3.539999999999999813e-01,4.943452143396496190e-01,-1.058354725638632061e+02,-2.157150649519846475e+00,5.146375964637886824e+00
3.549999999999999822e-01,4.921880636901297401e-01,-1.055406069413018741e+02,-2.171658998396460039e+00,5.096287197800715596e+00
3.559999999999999831e-01,4.900164046917332983e-01,-1.052486111936813415e+02,-2.186214876529571249e+00,5.045834124624818173e+00
3.569999999999999840e-01,4.878301898152037075e-01,-1.049595061942172549e+02,-2.200818285374767758e+00,4.995016740064885497e+00
3.579999999999999849e-01,4.856293715298289904e-01,-1.046733128164143380e+02,-2.215469226392390745e+00,4.943835039039178980e+00
3.589999999999999858e-01,4.834139023034365601e-01,-1.043900519340684951e+02,-2.230167701047534479e+00,4.892289016429531401e+00
3.599999999999999867e-01,4.811837346023890571e-01,-1.041097444212688714e+02,-2.244913710810045870e+00,4.840378667081337127e+00
3.609999999999999876e-01,4.789388208915789646e-01,-1.038324111523999562e+02,-2.259707257154525806e+00,4.788103985803563667e+00
3.619999999999999885e-01,4.766791136344244451e-01,-1.035580730021436580e+02,-2.274548341560329590e+00,4.735464967368740119e+00
3.629999999999999893e-01,4.744045652928641221e-01,-1.032867508454813645e+02,-2.289436965511565170e+00,4.682461606512967833e+00
3.639999999999999902e-01,4.721151283273525845e-01,-1.030184655576961177e+02,-2.304373130497094913e+00,4.629093897935907975e+00
3.649999999999999911e-01,4.698107551968555562e-01,-1.027532380143746309e+02,-2.319356838010536048e+00,4.575361836300792184e+00
3.659999999999999920e-01,4.674913983588449562e-01,-1.024910890914093784e+02,-2.334388089550258449e+00,4.521265416234413692e+00
3.669999999999999929e-01,4.651570102692947350e-01,-1.022320396650006700e+02,-2.349466886619387740e+00,4.466804632327128211e+00
3.679999999999999938e-01,4.628075433826753238e-01,-1.019761106116588536e+02,-2.364593230725803075e+00,4.411979479132861037e+00
3.689999999999999947e-01,4.604429501519495260e-01,-1.017233228082062055e+02,-2.379767123382139804e+00,4.356789951169092845e+00
3.699999999999999956e-01,4.580631830285674111e-01,-1.014736971317792182e+02,-2.394988566105786365e+00,4.301236042916873892e+00
3.709999999999999964e-01,4.556681944624616509e-01,-1.012272544598305331e+02,-2.410257560418886946e+00,4.245317748820811588e+00
3.719999999999999973e-01,4.532579369020428017e-01,-1.009840156701311145e+02,-2.425574107848341932e+00,4.189035063289077598e+00
3.729999999999999982e-01,4.508323627941944745e-01,-1.007440016407723249e+02,-2.440938209925805236e+00,4.132387980693403406e+00
3.739999999999999991e-01,4.483914245842686719e-01,-1.005072332501680137e+02,-2.456349868187687413e+00,4.075376495369080310e+00
3.750000000000000000e-01,4.459350747160809592e-01,-1.002737313770565493e+02,-2.471809084175153881e+00,4.018000601614959422e+00
3.760000000000000009e-01,4.434632656319057453e-01,-1.000435169005029934e+02,-2.487315859434127141e+00,3.960260293693451672e+00
3.770000000000000018e-01,4.409759497724716759e-01,-9.981661069990111912e+01,-2.502870195515283669e+00,3.902155565830526918e+00
3.780000000000000027e-01,4.384730795769563594e-01,-9.959303365497552818e+01,-2.518472093974057913e+00,3.843686412215711279e+00
3.790000000000000036e-01,4.359546074829823703e-01,-9.937280664578379685e+01,-2.534121556370639183e+00,3.784852827002090692e+00
3.800000000000000044e-01,4.334204859266117538e-01,-9.915595055271840863e+01,-2.549818584269974320e+00,3.725654804306305135e+00
3.810000000000000053e-01,4.308706673423417510e-01,-9.894248625650902795e+01,-2.565563179241765024e+00,3.666092338208553514e+00
3.820000000000000062e-01,4.283051041630999700e-01,-9.873243463822441868e+01,-2.581355342860471858e+00,3.606165422752588778e+00
3.830000000000000071e-01,4.257237488202395004e-01,-9.852581657927468939e+01,-2.597195076705310690e+00,3.545874051945719252e+00
3.840000000000000080e-01,4.231265537435341395e-01,-9.832265296141325450e+01,-2.613082382360254474e+00,3.485218219758807745e+00
3.850000000000000089e-01,4.205134713611738961e-01,-9.812296466673896589e+01,-2.629017261414035023e+00,3.424197920126271555e+00
3.860000000000000098e-01,4.178844540997598833e-01,-9.792677257769825871e+01,-2.644999715460139011e+00,3.362813146946080245e+00
3.870000000000000107e-01,4.152394543842997665e-01,-9.773409757708712675e+01,-2.661029746096812421e+00,3.301063894079756977e+00
3.880000000000000115e-01,4.125784246382029341e-01,-9.754496054805332506e+01,-2.677107354927058314e+00,3.238950155352376292e+00
3.890000000000000124e-01,4.099013172832758345e-01,-9.735938237409840212e+01,-2.693232543558637282e+00,3.176471924552564108e+00
3.900000000000000133e-01,4.072080847397172021e-01,-9.717738393907973204e+01,-2.709405313604068333e+00,3.113629195432497276e+00
3.910000000000000142e-01,4.044986794261131724e-01,-9.699898612721273139e+01,-2.725625666680628445e+00,3.050421961707903140e+00
3.920000000000000151e-01,4.017730537594325635e-01,-9.682420982307284874e+01,-2.741893604410353458e+00,2.986850217058058199e+00
3.930000000000000160e-01,3.990311601550222131e-01,-9.665307591159768208e+01,-2.758209128420036294e+00,2.922913955125788110e+00
3.940000000000000169e-01,3.962729510266021493e-01,-9.648560527808908205e+01,-2.774572240341229623e+00,2.858613169517466357e+00
3.950000000000000178e-01,3.934983787862609272e-01,-9.632181880821521247e+01,-2.790982941810245421e+00,2.793947853803015136e+00
3.960000000000000187e-01,3.907073958444506334e-01,-9.616173738801266779e+01,-2.807441234468152746e+00,2.728918001515901803e+00
3.970000000000000195e-01,3.878999546099825557e-01,-9.600538190388853366e+01,-2.823947119960781293e+00,2.663523606153141987e+00
3.980000000000000204e-01,3.850760074900217433e-01,-9.585277324262249010e+01,-2.840500599938719617e+00,2.597764661175296030e+00
3.990000000000000213e-01,3.822355068900830100e-01,-9.570393229136891478e+01,-2.857101676057316464e+00,2.531641160006469438e+00
4.000000000000000222e-01,3.793784052140257157e-01,-9.555887993765892929e+01,-2.873750349976678109e+00,2.465153096034311542e+00
4.010000000000000231e-01,3.765046548640490487e-01,-9.541763706940257350e+01,-2.890446623361672351e+00,2.398300462610016393e+00
4.020000000000000240e-01,3.736142082406873621e-01,-9.528022457489073815e+01,-2.907190497881927183e+00,2.331083253048320536e+00
4.030000000000000249e-01,3.707070177428054558e-01,-9.514666334279743864e+01,-2.923981975211829010e+00,2.263501460627503459e+00
4.040000000000000258e-01,3.677830357675936357e-01,-9.501697426218179032e+01,-2.940821057030526653e+00,2.195555078589384923e+00
4.050000000000000266e-01,3.648422147105631064e-01,-9.489117822249011169e+01,-2.957707745021927348e+00,2.127244100139327632e+00
4.060000000000000275e-01,3.618845069655411417e-01,-9.476929611355802763e+01,-2.974642040874700744e+00,2.058568518446233231e+00
4.070000000000000284e-01,3.589098649246664774e-01,-9.465134882561254415e+01,-2.991623946282275792e+00,1.989528326642543865e+00
4.080000000000000293e-01,3.559182409783841483e-01,-9.453735724927420847e+01,-3.008653462942842971e+00,1.920123517824240400e+00
4.090000000000000302e-01,3.529095875154413253e-01,-9.442734227555907012e+01,-3.025730592559354726e+00,1.850354085050841535e+00
4.100000000000000311e-01,3.498838569228819306e-01,-9.432132479588086937e+01,-3.042855336839523250e+00,1.780220021345404247e+00
4.110000000000000320e-01,3.468410015860424189e-01,-9.421932570205309787e+01,-3.060027697495823595e+00,1.709721319694522235e+00
4.120000000000000329e-01,3.437809738885466149e-01,-9.412136588629105916e+01,-3.077247676245491448e+00,1.638857973048325478e+00
4.130000000000000338e-01,3.407037262123011057e-01,-9.402746624121402874e+01,-3.094515274810524463e+00,1.567629974320478681e+00
4.140000000000000346e-01,3.376092109374905781e-01,-9.393764765984725784e+01,-3.111830494917682710e+00,1.496037316388182825e+00
4.150000000000000355e-01,3.344973804425728781e-01,-9.385193103562413341e+01,-3.129193338298488669e+00,1.424079992092171398e+00
4.160000000000000364e-01,3.313681871042743476e-01,-9.377033726238822453e+01,-3.146603806689225902e+00,1.351757994236712390e+00
4.169999999999999818e-01,3.282215832975851066e-01,-9.369288723439538558e+01,-3.164061901830941714e+00,1.279071315589605851e+00
4.179999999999999827e-01,3.250575213957542231e-01,-9.361960184631584525e+01,-3.181567625469445826e+00,1.206019948882184112e+00
4.189999999999999836e-01,3.218759537702847728e-01,-9.355050199323630977e+01,-3.199120979355309924e+00,1.132603886809310012e+00
4.199999999999999845e-01,3.186768327909294540e-01,-9.348560857066202345e+01,-3.216721965243869885e+00,1.058823122029377783e+00
4.209999999999999853e-01,3.154601108256856468e-01,-9.342494247451887190e+01,-3.234370584895223999e+00,9.846776471643109430e-01
4.219999999999999862e-01,3.122257402407904170e-01,-9.336852460115548524e+01,-3.252066840074233856e+00,9.101674547995617370e-01
4.229999999999999871e-01,3.089736734007161312e-01,-9.331637584734531288e+01,-3.269810732550526122e+00,8.352925374841112527e-01
4.239999999999999880e-01,3.057038626681656268e-01,-9.326851711028871250e+01,-3.287602264098489435e+00,7.600528877304675301e-01
4.249999999999999889e-01,3.024162604040671609e-01,-9.322496928761502488e+01,-3.305441436497276619e+00,6.844484980146656738e-01
4.259999999999999898e-01,2.991108189675698581e-01,-9.318575327738471969e+01,-3.323328251530805133e+00,6.084793607762666312e-01
4.269999999999999907e-01,2.957874907160391031e-01,-9.315088997809142768e+01,-3.341229789315004695e+00,5.321935774075093883e-01
4.279999999999999916e-01,2.924462609267240998e-01,-9.312039753222200034e+01,-3.359026740737964367e+00,4.564874212719798874e-01
4.289999999999999925e-01,2.890872341859861416e-01,-9.309424272958230517e+01,-3.376561702186120062e+00,3.830211652073268191e-01
4.299999999999999933e-01,2.857106724837999989e-01,-9.307229723335173333e+01,-3.393674579449654782e+00,3.137514714608840016e-01
4.309999999999999942e-01,2.823169979043503308e-01,-9.305432059822099689e+01,-3.410224710120016045e+00,2.505233238042944843e-01
4.319999999999999951e-01,2.789067731942302952e-01,-9.303996666909742430e+01,-3.426101113908041285e+00,1.947639630473001759e-01
4.329999999999999960e-01,2.754806720803222309e-01,-9.302880751601357190e+01,-3.441223779461382470e+00,1.473053261766700817e-01
4.339999999999999969e-01,2.720394483008608533e-01,-9.302036754252384299e+01,-3.455539504148081864e+00,1.083378465927540002e-01
4.349999999999999978e-01,2.685839087967127892e-01,-9.301416024115255254e+01,-3.469015471851321308e+00,7.747533294102612600e-02
4.359999999999999987e-01,2.651148933248614337e-01,-9.300972123155864324e+01,-3.481632826638617395e+00,5.389460009804781376e-02
4.369999999999999996e-01,2.616332604982228305e-01,-9.300663329843447968e+01,-3.493381436946221719e+00,3.650787142395011536e-02
4.380000000000000004e-01,2.581398790612766114e-01,-9.300454155148288748e+01,-3.504256190335281573e+00,2.413031356706185626e-02
4.390000000000000013e-01,2.546356228709413250e-01,-9.300315898635716394e+01,-3.514254650495500787e+00,1.561622394760094935e-02
4.400000000000000022e-01,2.511213682204457842e-01,-9.300226424263304636e+01,-3.523375712141763039e+00,9.951024363029878014e-03
4.410000000000000031e-01,2.475979925083040267e-01,-9.300169409093521722e+01,-3.531618892175857116e+00,6.298429580218593143e-03
4.420000000000000040e-01,2.440663736161281794e-01,-9.300133321750269033e+01,-3.538983983542209000e+00,4.010549572352169537e-03
4.430000000000000049e-01,2.405273896325859639e-01,-9.300110342993868073e+01,-3.545470897010843281e+00,2.612582730422641220e-03
4.440000000000000058e-01,2.369819187355751422e-01,-9.300095373997460513e+01,-3.551079592636894322e+00,1.773868443031268631e-03
4.450000000000000067e-01,2.334308391429382457e-01,-9.300085210479939235e+01,-3.555810051151903295e+00,1.274790938295492122e-03
4.460000000000000075e-01,2.298750290917863093e-01,-9.300077906465885746e+01,-3.559662262210816053e+00,9.758152289711239562e-04
4.470000000000000084e-01,2.263153668295755094e-01,-9.300072315456466754e+01,-3.562636219521446268e+00,7.918819151946656330e-04
4.480000000000000093e-01,2.227527306100540450e-01,-9.300067778307304422e+01,-3.564731918760595697e+00,6.730790730025365629e-04
4.490000000000000102e-01,2.191879986912934342e-01,-9.300063921848288828e+01,-3.565949356638259626e+00,5.910960789220494989e-04
4.500000000000000111e-01,2.156220493346551748e-01,-9.300060535117228255e+01,-3.566288530452653927e+00,5.303171733397906394e-04
4.510000000000000120e-01,2.120557608042025199e-01,-9.300057496623645648e+01,-3.565749437864682569e+00,4.822890128959147539e-04
4.520000000000000129e-01,2.084900113663378518e-01,-9.300054733311149846e+01,-3.564332076774828106e+00,4.424563810885382559e-04
4.530000000000000138e-01,2.049256792895630397e-01,-9.300052198222824984e+01,-3.562036445249886274e+00,4.083242516362900411e-04
4.540000000000000147e-01,2.013636428443131565e-01,-9.300049858697195759e+01,-3.558862541475131369e+00,3.784656502329082910e-04
4.550000000000000155e-01,1.978047803028380180e-01,-9.300047690248750598e+01,-3.554810363720342981e+00,3.520053064598842318e-04
4.560000000000000164e-01,1.942499699391176671e-01,-9.300045673406907554e+01,-3.549879910314026166e+00,3.283585475335178226e-04
4.570000000000000173e-01,1.907000900288036427e-01,-9.300043792051013725e+01,-3.544071179622944712e+00,3.071014787100816113e-04
4.580000000000000182e-01,1.871560188491807053e-01,-9.300042032489152177e+01,-3.537384170035404285e+00,2.879063432048254443e-04
4.590000000000000191e-01,1.836186346791452983e-01,-9.300040382907316427e+01,-3.529818879947339560e+00,2.705084142504729874e-04
4.600000000000000200e-01,1.800888157991979710e-01,-9.300038833008271411e+01,-3.521375307750603145e+00,2.546879720306557504e-04
4.610000000000000209e-01,1.765674404914473472e-01,-9.300037373753681891e+01,-3.512053451823021977e+00,2.402595808822319821e-04
4.620000000000000218e-01,1.730553870396243366e-01,-9.300035997167682922e+01,-3.501853310519901008e+00,2.270650552013087564e-04
4.630000000000000226e-01,1.695535337291044498e-01,-9.300034696180749449e+01,-3.490774882166717052e+00,2.149684398567279237e-04
4.640000000000000235e-01,1.660627588469377192e-01,-9.300033464502315894e+01,-3.478818165052816269e+00,2.038522070319412317e-04
4.650000000000000244e-01,1.625839406818849198e-01,-9.300032296515205132e+01,-3.465983157425940764e+00,1.936142637932203607e-04
4.660000000000000253e-01,1.591179575244589528e-01,-9.300031187187188664e+01,-3.452269857487465732e+00,1.841655432579585798e-04
4.670000000000000262e-01,1.556656876669714751e-01,-9.300030131996354044e+01,-3.437678263388231681e+00,1.754280378246318695e-04
4.680000000000000271e-01,1.522280094035832476e-01,-9.300029126867737261e+01,-3.422208373224890465e+00,1.673331777773655609e-04
4.690000000000000280e-01,1.488058010303583700e-01,-9.300028168119250438e+01,-3.405860185036686527e+00,1.598204848298668168e-04
4.700000000000000289e-01,1.453999408453216791e-01,-9.300027252415324597e+01,-3.388633696802611173e+00,1.528364472120447384e-04
4.710000000000000298e-01,1.420113071485190614e-01,-9.300026376726985688e+01,-3.370528906438885919e+00,1.463335748430999699e-04
4.720000000000000306e-01,1.386407782420801815e-01,-9.300025538297362004e+01,-3.351545811796722063e+00,1.402696019211386322e-04
4.730000000000000315e-01,1.352892324302834848e-01,-9.300024734611743327e+01,-3.331684410660327167e+00,1.346068109158595318e-04
4.740000000000000324e-01,1.319575480196231720e-01,-9.300023963371528168e+01,-3.310944700745121594e+00,1.293114570846319806e-04
4.750000000000000333e-01,1.286466033188780334e-01,-9.300023222471453721e+01,-3.289326679696142897e+00,1.243532766393632793e-04
4.760000000000000342e-01,1.253572766391819193e-01,-9.300022509979662289e+01,-3.266830345086612741e+00,1.197050648475467727e-04
4.770000000000000351e-01,1.220904462940952950e-01,-9.300021824120160829e+01,-3.243455694416646828e+00,1.153423128551800978e-04
4.780000000000000360e-01,1.188469905996786535e-01,-9.300021163257389389e+01,-3.219202725112091823e+00,1.112428940195198086e-04
4.790000000000000369e-01,1.156277878745665538e-01,-9.300020525882555944e+01,-3.194071434523474640e+00,1.073867921469086605e-04
4.799999999999999822e-01,1.124337164400430883e-01,-9.300019910601560014e+01,-3.168061819925048539e+00,1.037558653295527622e-04
4.809999999999999831e-01,1.092656546201180301e-01,-9.300019316124242152e+01,-3.141173878513933371e+00,1.003336401298334884e-04
4.819999999999999840e-01,1.061244807416041047e-01,-9.300018741254828569e+01,-3.113407607409324207e+00,9.710513172149787145e-05
4.829999999999999849e-01,1.030110731341947750e-01,-9.300018184883407457e+01,-3.084763003651781688e+00,9.405668630276493923e-05
4.839999999999999858e-01,9.992631013054299738e-02,-9.300017645978290659e+01,-3.055240064202576100e+00,9.117584267746022106e-05
4.849999999999999867e-01,9.687107006634040895e-02,-9.300017123579192457e+01,-3.024838785943090969e+00,8.845121038071723893e-05
4.859999999999999876e-01,9.384623128039731865e-02,-9.300016616791087642e+01,-2.993559165674278599e+00,8.587236212455075766e-05
4.869999999999999885e-01,9.085267211472303206e-02,-9.300016124778696280e+01,-2.961401200116157817e+00,8.342973867082261895e-05
4.879999999999999893e-01,8.789127091460686991e-02,-9.300015646761504229e+01,-2.928364885907354331e+00,8.111456451687889038e-05
4.889999999999999902e-01,8.496290602869951969e-02,-9.300015182009283876e+01,-2.894450219604678853e+00,7.891877301214969846e-05
4.899999999999999911e-01,8.206845580909484517e-02,-9.300014729838022731e+01,-2.859657197682735408e+00,7.683493972011722203e-05
4.909999999999999920e-01,7.920879861141209843e-02,-9.300014289606245654e+01,-2.823985816533563842e+00,7.485622300562734088e-05
4.919999999999999929e-01,7.638481279487853437e-02,-9.300013860711682412e+01,-2.787436072466306314e+00,7.297631096772500014e-05
4.929999999999999938e-01,7.359737672241223327e-02,-9.300013442588219448e+01,-2.750007961706901760e+00,7.118937395725808933e-05
4.939999999999999947e-01,7.084736876070532596e-02,-9.300013034703152925e+01,-2.711701480397799902e+00,6.949002201988831390e-05
4.949999999999999956e-01,6.813566728030752417e-02,-9.300012636554654932e+01,-2.672516624597697454e+00,6.787326669172311360e-05
4.959999999999999964e-01,6.546315065570981750e-02,-9.300012247669482690e+01,-2.632453390281294325e+00,6.633448664889582858e-05
4.969999999999999973e-01,6.283069726542851730e-02,-9.300011867600869664e+01,-2.591511773339064462e+00,6.486939677602576368e-05
4.979999999999999982e-01,6.023918549208946011e-02,-9.300011495926604255e+01,-2.549691769577044465e+00,6.347402027320461955e-05
4.989999999999999991e-01,5.768949372251241242e-02,-9.300011132247256285e+01,-2.506993374716635969e+00,6.214466346833602290e-05
5.000000000000000000e-01,5.518250034779578067e-02,-9.300010776184564065e+01,-2.463416584394419573e+00,6.087789304242776126e-05
5.010000000000000009e-01,5.271908376340136287e-02,-9.300010427379930888e+01,-2.418961394161983858e+00,5.967051541075198362e-05
5.020000000000000018e-01,5.030012236923937785e-02,-9.300010085493060785e+01,-2.373627799485764189e+00,5.851955803344122635e-05
5.030000000000000027e-01,4.792649456975361238e-02,-9.300009750200690917e+01,-2.327415795746890392e+00,5.742225245574946824e-05
5.040000000000000036e-01,4.559907877400672105e-02,-9.300009421195419179e+01,-2.280325378241045531e+00,5.637601890144532010e-05
5.050000000000000044e-01,4.331875339576567868e-02,-9.300009098184624179e+01,-2.232356542178332237e+00,5.537845226309769705e-05
5.060000000000000053e-01,4.108639685358734389e-02,-9.300008780889464788e+01,-2.183509282683149255e+00,5.442730935077227217e-05
5.070000000000000062e-01,3.890288757090419602e-02,-9.300008469043953596e+01,-2.133783594794071536e+00,5.352049727622518470e-05
5.080000000000000071e-01,3.676910397611012071e-02,-9.300008162394092892e+01,-2.083179473463740550e+00,5.265606286335626989e-05
5.090000000000000080e-01,3.468592450264638277e-02,-9.300007860697074591e+01,-2.031696913558758588e+00,5.183218298771988746e-05
5.100000000000000089e-01,3.265422758908762685e-02,-9.300007563720542691e+01,-1.979335909859591736e+00,5.104715575850405702e-05
5.110000000000000098e-01,3.067489167922803073e-02,-9.300007271241885576e+01,-1.926096457060474387e+00,5.029939246576457259e-05
5.120000000000000107e-01,2.874879522216755925e-02,-9.300006983047595099e+01,-1.871978549769320876e+00,4.958741022400083731e-05
5.130000000000000115e-01,2.687681667239823907e-02,-9.300006698932662630e+01,-1.816982182507642207e+00,4.890982525052107224e-05
5.140000000000000124e-01,2.505983448989059642e-02,-9.300006418700004929e+01,-1.761107349710466119e+00,4.826534672358761169e-05
5.150000000000000133e-01,2.329872714018012964e-02,-9.300006142159939770e+01,-1.704354045726260702e+00,4.765277117116115336e-05
5.160000000000000142e-01,2.159437309445387185e-02,-9.300005869129672931e+01,-1.646722264816862680e+00,4.707097734626477256e-05
5.170000000000000151e-01,1.994765082963700573e-02,-9.300005599432837755e+01,-1.588212001157408348e+00,4.651892154964515152e-05
5.180000000000000160e-01,1.835943882847959965e-02,-9.300005332899051780e+01,-1.528823248836267412e+00,4.599563336458562760e-05
5.190000000000000169e-01,1.683061557964333002e-02,-9.300005069363484722e+01,-1.468556001854981030e+00,4.550021177248485108e-05
5.200000000000000178e-01,1.536205957778834924e-02,-9.300004808666474787e+01,-1.407410254128200755e+00,4.503182162120800261e-05
5.210000000000000187e-01,1.395464932366015029e-02,-9.300004550653142132e+01,-1.345385999483631245e+00,4.458969042129082712e-05
5.220000000000000195e-01,1.260926332417651972e-02,-9.300004295173036439e+01,-1.282483231661974088e+00,4.417310544787243776e-05
5.230000000000000204e-01,1.132678009251454621e-02,-9.300004042079784483e+01,-1.218701944316875174e+00,4.378141112878531255e-05
5.240000000000000213e-01,1.010807814819767066e-02,-9.300003791230777495e+01,-1.154042131014872741e+00,4.341400670157467395e-05
5.250000000000000222e-01,8.954036017182797139e-03,-9.300003542486841468e+01,-1.088503785235346744e+00,4.307034412438373930e-05
5.260000000000000231e-01,7.865532231947452296e-03,-9.300003295711947260e+01,-1.022086900370472451e+00,4.274992622765053991e-05
5.270000000000000240e-01,6.843445331576979498e-03,-9.300003050772913582e+01,-9.547914697251719263e-01,4.245230509544294111e-05
5.280000000000000249e-01,5.888653861851808440e-03,-9.300002807539122784e+01,-8.866174865170698416e-01,4.217708066702580659e-05
5.290000000000000258e-01,5.002036375334738619e-03,-9.300002565882250849e+01,-8.175649438764478472e-01,4.192389955086273828e-05
5.300000000000000266e-01,4.184471431458290473e-03,-9.300002325676001647e+01,-7.476338348462027161e-01,4.169245404403170184e-05
5.310000000000000275e-01,3.436837596612087736e-03,-9.300002086795835510e+01,-6.768241523818028238e-01,4.148248134255210027e-05
5.320000000000000284e-01,2.760013444230284899e-03,-9.300001849118726227e+01,-6.051358893512476245e-01,4.129376283241862396e-05
5.330000000000000293e-01,2.154877554879037170e-03,-9.300001612522892458e+01,-5.325690385350261291e-01,4.112612230491283937e-05
5.340000000000000302e-01,1.622308516344011207e-03,-9.300001376887567517e+01,-4.591235926260770484e-01,4.097941061856024661e-05
5.350000000000000311e-01,1.163184923717934223e-03,-9.300001142092840212e+01,-3.847995442297488244e-01,4.085334164908652741e-05
5.360000000000000320e-01,7.783853794881853781e-04,-9.300000908020435020e+01,-3.095968858637609400e-01,4.074571214814171690e-05
5.370000000000000329e-01,4.687884936244244151e-04,-9.300000674564699921e+01,-2.335156099581702782e-01,4.063304532803155251e-05
5.380000000000000338e-01,2.352728836662541497e-04,-9.300000441754500002e+01,-1.565557088553954090e-01,4.025981779252472048e-05
5.390000000000000346e-01,7.871717481085872608e-05,-9.300000211082735291e+01,-7.871717481085872825e-02,3.684088721462162766e-05
5.400000000000000355e-01,0.000000000000000000e+00,-9.300000000000000000e+01,0.000000000000000000e+00,0.000000000000000000e+00
