FILE_NAME=Trajectory_StowToL4.csv,T=0.4,dt=0.001,h0=0.0,hf=0.7,theta0_deg=-93.0,thetaf_deg=-235.0,dh0=0.0,dhf=0.0,dtheta0=0.0,dthetaf=0.0,h_min_for_arm=0.2,penalty_strength=1000000.0
time,height,angle_deg,dh,dtheta_rad_s
0.000000000000000000e+00,0.000000000000000000e+00,-9.300000000000000000e+01,2.721136806819688335e-39,-9.435571762467852623e-40
1.000000000000000021e-03,1.201753563004963120e-41,-9.300000000000000000e+01,1.210910370918012874e-01,-3.305772881948936849e-03
2.000000000000000042e-03,1.210910370918012930e-04,-9.300018940683416702e+01,2.400415258816341602e-01,-6.043116821282021843e-03
3.000000000000000062e-03,3.611325629734354588e-04,-9.300053565192312988e+01,3.568514855639774996e-01,-8.321233231004171449e-03
4.000000000000000083e-03,7.179840485374129827e-04,-9.300101242346761410e+01,4.715209416434059109e-01,-1.023033867153319738e-02
5.000000000000000104e-03,1.189504990180818931e-03,-9.300159857869647340e+01,5.840499264436868065e-01,-1.184506567924618198e-02
6.000000000000000125e-03,1.773554916624505784e-03,-9.300227725096794984e+01,6.944384791119406763e-01,-1.322731716411615355e-02
7.000000000000000146e-03,2.467993395736446573e-03,-9.300303512041573128e+01,8.026866453691020586e-01,-1.442866032694233892e-02
8.000000000000000167e-03,3.270680041105548420e-03,-9.300386182175648742e+01,9.087944771634330898e-01,-1.549233510672865140e-02
9.000000000000001055e-03,4.179474518268981413e-03,-9.300474946717291402e+01,1.012762032323202499e+00,-1.645494218995595045e-02
1.000000000000000021e-02,5.192236550592184072e-03,-9.300569226591252914e+01,1.114589374266534039e+00,-1.734786664822106014e-02
1.099999999999999936e-02,6.306825924858717666e-03,-9.300668622545502728e+01,1.214276571803262206e+00,-1.819848531451148319e-02
1.200000000000000025e-02,7.521102496661980635e-03,-9.300772892185709395e+01,1.311823699050354675e+00,-1.903119901709078576e-02
1.300000000000000114e-02,8.832926195712334852e-03,-9.300881932923985573e+01,1.407230835475789199e+00,-1.986832469313256147e-02
1.400000000000000029e-02,1.024015703118812473e-02,-9.300995770039075694e+01,1.500498066083544524e+00,-2.073087711532133753e-02
1.499999999999999944e-02,1.174065509727166730e-02,-9.301114549215508021e+01,1.591625481753291771e+00,-2.163926538860871593e-02
1.600000000000000033e-02,1.333228057902495836e-02,-9.301238533073360770e+01,1.680613179751680564e+00,-2.261392541317339133e-02
1.700000000000000122e-02,1.501289375877663985e-02,-9.301368101321800452e+01,1.767461264437415247e+00,-2.367590606632680519e-02
1.800000000000000211e-02,1.678035502321405595e-02,-9.301503754271175239e+01,1.852169848189554546e+00,-2.484742383722984838e-02
1.899999999999999953e-02,1.863252487140361000e-02,-9.301646119522939671e+01,1.934739052597752584e+00,-2.615239796595668006e-02
2.000000000000000042e-02,2.056726392400136036e-02,-9.301795961725699158e+01,2.015169009964837166e+00,-2.761697571158329770e-02
2.100000000000000130e-02,2.258243293396619902e-02,-9.301954195340817932e+01,2.093459865186675373e+00,-2.927005512926896327e-02
2.199999999999999872e-02,2.467589279915287370e-02,-9.302121900403319898e+01,2.169611778092392917e+00,-3.114381060893593040e-02
2.299999999999999961e-02,2.684550457724526815e-02,-9.302300341293904751e+01,2.243624926350508364e+00,-3.327422436257604366e-02
2.400000000000000050e-02,2.908912950359577448e-02,-9.302490988556159834e+01,2.315499509074493645e+00,-3.570162499784650112e-02
2.500000000000000139e-02,3.140462901267027096e-02,-9.302695543799573841e+01,2.385235751295831985e+00,-3.847123224769168071e-02
2.600000000000000228e-02,3.378986476396610150e-02,-9.302915967723619417e+01,2.452833909515317323e+00,-4.163370481617232471e-02
2.699999999999999969e-02,3.624269867348141327e-02,-9.303154511280764893e+01,2.518294278595659907e+00,-4.524568613906367748e-02
2.800000000000000058e-02,3.876099295207707796e-02,-9.303413749966459534e+01,2.581617200322276595e+00,-4.937034064723324484e-02
2.900000000000000147e-02,4.134261015239935888e-02,-9.303696621181680371e+01,2.642803074036339517e+00,-5.407787087885039534e-02
2.999999999999999889e-02,4.398541322643569063e-02,-9.304006464558320033e+01,2.701852369836663659e+00,-5.944600354565358208e-02
3.099999999999999978e-02,4.668726559627235650e-02,-9.304347065069529776e+01,2.758765644956790997e+00,-6.556043046664424001e-02
3.200000000000000067e-02,4.944603124122914917e-02,-9.304722698666409997e+01,2.813543564052251256e+00,-7.251518820264649112e-02
3.300000000000000155e-02,5.225957480528140020e-02,-9.305138180089871014e+01,2.866186924281732384e+00,-8.041295833445763486e-02
3.400000000000000244e-02,5.512576172956313442e-02,-9.305598912402943768e+01,2.916696686235189073e+00,-8.936526871591408960e-02
3.500000000000000333e-02,5.804245841579832449e-02,-9.306110937676190531e+01,2.965074011951176924e+00,-9.949257480166119605e-02
3.600000000000000422e-02,6.100753242774949875e-02,-9.306680988139093813e+01,3.011320311472828859e+00,-1.109241994054731978e-01
3.699999999999999817e-02,6.401885273922233721e-02,-9.307316536986273547e+01,3.055437299612838942e+00,-1.237981090993128114e-01
3.799999999999999906e-02,6.707429003883516594e-02,-9.308025847902582939e+01,3.097427064826135279e+00,-1.382605060244911366e-01
3.899999999999999994e-02,7.017171710366131021e-02,-9.308818022249437263e+01,3.137292152315250604e+00,-1.544652152547330293e-01
4.000000000000000083e-02,7.330900925597655382e-02,-9.309703042741004708e+01,3.175035663704961930e+00,-1.725728501124708381e-01
4.100000000000000172e-02,7.648404491968152641e-02,-9.310691812338004070e+01,3.210661375803248507e+00,-1.927497410584662618e-01
4.200000000000000261e-02,7.969470629548476570e-02,-9.311796187004492253e+01,3.244173881094591927e+00,-2.151666179864781259e-01
4.300000000000000350e-02,8.293888017657936873e-02,-9.313029000914764310e+01,3.275578752665146087e+00,-2.399970409594627263e-01
4.399999999999999745e-02,8.621445892924450849e-02,-9.314404082669024376e+01,3.304882736209633354e+00,-2.674155805808782205e-01
4.499999999999999833e-02,8.951934166545413851e-02,-9.315936261083356840e+01,3.332093971586832737e+00,-2.975957562174872395e-01
4.599999999999999922e-02,9.285143563704097158e-02,-9.317641359166583470e+01,3.357222246042276925e+00,-3.307077480434257311e-01
4.700000000000000011e-02,9.620865788308324840e-02,-9.319536174988100186e+01,3.380279280671687481e+00,-3.669159071747757350e-01
4.800000000000000100e-02,9.958893716375492866e-02,-9.321638448279833256e+01,3.401279050927148884e+00,-4.063760967776098298e-01
4.900000000000000189e-02,1.029902162146820871e-01,-9.323966811803869348e+01,3.420238140945389471e+00,-4.492329056859914460e-01
5.000000000000000278e-02,1.064104543556274735e-01,-9.326540726755290223e+01,3.437176130186528678e+00,-4.956167844502653019e-01
5.100000000000000366e-02,1.098476304858140018e-01,-9.329380401755776120e+01,3.452116009305722155e+00,-5.456411615163204720e-01
5.200000000000000455e-02,1.132997464951197297e-01,-9.332506695324126156e+01,3.465084620346003508e+00,-5.993996040683298165e-01
5.299999999999999850e-02,1.167648311154657337e-01,-9.335941002079619011e+01,3.476113114261374371e+00,-6.569630936099480900e-01
5.399999999999999939e-02,1.202409442297271147e-01,-9.339705123335589576e+01,3.485237416495721163e+00,-7.183774902923679706e-01
5.500000000000000028e-02,1.237261816462228436e-01,-9.343821123164684650e+01,3.492498688915781635e+00,-7.836612620409432184e-01
5.600000000000000117e-02,1.272186803351386120e-01,-9.348311171452969859e+01,3.497943773904367948e+00,-8.528035544600703899e-01
5.700000000000000205e-02,1.307166241090429726e-01,-9.353197375895400967e+01,3.501625603960370370e+00,-9.257626751551981670e-01
5.800000000000000294e-02,1.342182497130033347e-01,-9.358501605307112925e+01,3.503603557836080906e+00,-1.002465061432592286e+00
5.900000000000000383e-02,1.377218532708394116e-01,-9.364245307020054554e+01,3.503943742191418131e+00,-1.082804793347999617e+00
5.999999999999999778e-02,1.412257970130308127e-01,-9.370449321489593331e+01,3.502719176083715524e+00,-1.166643704900727441e+00
6.099999999999999867e-02,1.447285161891145588e-01,-9.377133697538225476e+01,3.500009854462307057e+00,-1.253812135036283637e+00
6.199999999999999956e-02,1.482285260435768359e-01,-9.384317511902212061e+01,3.495902666308841944e+00,-1.344110347349979806e+00
6.300000000000000044e-02,1.517244287098857003e-01,-9.392018696912514031e+01,3.490491143246539085e+00,-1.437310633381637448e+00
6.400000000000000133e-02,1.552149198531322383e-01,-9.400253880226716774e+01,3.483875015395590413e+00,-1.533160099632272733e+00
6.500000000000000222e-02,1.586987948685278371e-01,-9.409038240529395125e+01,3.476159553003198788e+00,-1.631384123440790423e+00
6.600000000000000311e-02,1.621749544215310146e-01,-9.418385383033175628e+01,3.467454674909905776e+00,-1.731690448181402386e+00
6.700000000000000400e-02,1.656424090964409290e-01,-9.428307238443568394e+01,3.457873808169052321e+00,-1.833773874430713047e+00
6.800000000000000488e-02,1.691002829046099887e-01,-9.438813988802191091e+01,3.447532487008169166e+00,-1.937321491333001688e+00
6.900000000000000577e-02,1.725478153916181479e-01,-9.449914023303527699e+01,3.436546683661251045e+00,-2.042018381841093078e+00
7.000000000000000666e-02,1.759843620752793991e-01,-9.461613926800292518e+01,3.425030868221702995e+00,-2.147553727237535348e+00
7.100000000000000755e-02,1.794093929435010837e-01,-9.473918503285122483e+01,3.413095799348122128e+00,-2.253627230670550041e+00
7.200000000000000844e-02,1.828224887428492318e-01,-9.486830836176439163e+01,3.400846052157097787e+00,-2.359955776598693600e+00
7.299999999999999545e-02,1.862233347950063289e-01,-9.500352386760101808e+01,3.388377293704848636e+00,-2.466280243152537466e+00
7.399999999999999634e-02,1.896117120887111651e-01,-9.514483131663014603e+01,3.375773319837397590e+00,-2.572372387514389569e+00
7.499999999999999722e-02,1.929874854085485703e-01,-9.529221739777071321e+01,3.363102869631168002e+00,-2.678041730415948063e+00
7.599999999999999811e-02,1.963505882781797218e-01,-9.544565788628345615e+01,3.350416234925176706e+00,-2.783142374601794700e+00
7.699999999999999900e-02,1.997010045131049072e-01,-9.560512019813215545e+01,3.337741682361419215e+00,-2.887579703376644158e+00
7.799999999999999989e-02,2.030387461954663020e-01,-9.577056632814327486e+01,3.325081703731656457e+00,-2.991316918865713159e+00
7.900000000000000078e-02,2.063638278991979658e-01,-9.594195616278035743e+01,3.312436297769889570e+00,-3.094353773298002430e+00
8.000000000000000167e-02,2.096762641969678598e-01,-9.611924957431070027e+01,3.299805463211579415e+00,-3.196690276977197875e+00
8.100000000000000255e-02,2.129760696601794567e-01,-9.630240643559201885e+01,3.287189198793640799e+00,-3.298326440136950755e+00
8.200000000000000344e-02,2.162632588589730731e-01,-9.649138662006826905e+01,3.274587503254448695e+00,-3.399262272940875906e+00
8.300000000000000433e-02,2.195378463622275067e-01,-9.668615000176582441e+01,3.262000375333832469e+00,-3.499497785482557521e+00
8.400000000000000522e-02,2.227998467375613134e-01,-9.688665645528936921e+01,3.249427813773080320e+00,-3.599032987785546478e+00
8.500000000000000611e-02,2.260492745513344170e-01,-9.709286585581781992e+01,3.236869817314935727e+00,-3.697867889803363006e+00
8.600000000000000699e-02,2.292861443686493306e-01,-9.730473807910050255e+01,3.224326384703598780e+00,-3.796002501419497577e+00
8.700000000000000788e-02,2.325104707533529325e-01,-9.752223300145294616e+01,3.211797514684726185e+00,-3.893436832447411344e+00
8.799999999999999489e-02,2.357222682680376880e-01,-9.774531049975296071e+01,3.199283206005431257e+00,-3.990170892630537036e+00
8.899999999999999578e-02,2.389215514740431201e-01,-9.797393045143662960e+01,3.186783457414283038e+00,-4.086204691642280729e+00
8.999999999999999667e-02,2.421083349314573918e-01,-9.820805273449428796e+01,3.174298267661306294e+00,-4.181538239086022735e+00
9.099999999999999756e-02,2.452826331991186937e-01,-9.844763722746648682e+01,3.161827635497982847e+00,-4.276171544495118049e+00
9.199999999999999845e-02,2.484444608346166872e-01,-9.869264380943999981e+01,3.149371559677248911e+00,-4.370104617332897234e+00
9.299999999999999933e-02,2.515938323942939481e-01,-9.894303236004381574e+01,3.136930038953497313e+00,-4.463337466992665092e+00
9.400000000000000022e-02,2.547307624332474374e-01,-9.919876275944510269e+01,3.124503072082575272e+00,-4.555870102797709542e+00
9.500000000000000111e-02,2.578552655053300002e-01,-9.945979488834524318e+01,3.112090657821786621e+00,-4.647702534001292740e+00
9.600000000000000200e-02,2.609673561631517535e-01,-9.972608862797576990e+01,3.099692794929890027e+00,-4.738834769786658185e+00
9.700000000000000289e-02,2.640670489580816960e-01,-9.999760386009440083e+01,3.087309482167098995e+00,-4.829266819267029831e+00
9.800000000000000377e-02,2.671543584402487626e-01,-1.002743004669809750e+02,3.074940718295081865e+00,-4.918998691485612973e+00
9.900000000000000466e-02,2.702292991585438786e-01,-1.005561383314334734e+02,3.062586502076963146e+00,-5.008030395415593361e+00
1.000000000000000056e-01,2.732918856606208480e-01,-1.008430773367640256e+02,3.050246832277319964e+00,-5.096361939960143417e+00
1.010000000000000064e-01,2.763421324928981848e-01,-1.011350773667948602e+02,3.037921707662186943e+00,-5.183993333952415128e+00
1.020000000000000073e-01,2.793800542005603349e-01,-1.014320983058542822e+02,3.025611126999050438e+00,-5.270924586155548930e+00
1.030000000000000082e-01,2.824056653275593964e-01,-1.017341000387727092e+02,3.013315089056852525e+00,-5.357155705262671042e+00
1.040000000000000091e-01,2.854189804166162303e-01,-1.020410424508787059e+02,3.001033592605990119e+00,-5.442686699896891689e+00
1.049999999999999961e-01,2.884200140092222364e-01,-1.023528854279947780e+02,2.988766636418312306e+00,-5.527517578611312210e+00
1.059999999999999970e-01,2.914087806456405749e-01,-1.026695888564335775e+02,2.976514219267124783e+00,-5.611648349889018839e+00
1.069999999999999979e-01,2.943852948649077206e-01,-1.029911126229937679e+02,2.964276339927184978e+00,-5.695079022143088920e+00
1.079999999999999988e-01,2.973495712048349060e-01,-1.033174166149560591e+02,2.952052997174705595e+00,-5.777809603716590914e+00
1.089999999999999997e-01,3.003016242020096205e-01,-1.036484607200791714e+02,2.939844189787351514e+00,-5.859840102882582613e+00
1.100000000000000006e-01,3.032414683917969422e-01,-1.039842048265958567e+02,2.927649916544242892e+00,-5.941170527844112925e+00
1.110000000000000014e-01,3.061691183083411483e-01,-1.043246088232088482e+02,2.915470176225952059e+00,-6.021800886734225422e+00
1.120000000000000023e-01,3.090845884845671576e-01,-1.046696325990868530e+02,2.903304967614504406e+00,-6.101731187615954788e+00
1.130000000000000032e-01,3.119878934521816416e-01,-1.050192360438606016e+02,2.891154289493380158e+00,-6.180961438482332149e+00
1.140000000000000041e-01,3.148790477416750222e-01,-1.053733790476187409e+02,2.879018140647510826e+00,-6.259491647256381519e+00
1.150000000000000050e-01,3.177580658823225268e-01,-1.057320215009039259e+02,2.866896519863281423e+00,-6.337321821791125132e+00
1.160000000000000059e-01,3.206249624021857980e-01,-1.060951232947087135e+02,2.854789425928530466e+00,-6.414451969869579884e+00
1.170000000000000068e-01,3.234797518281143369e-01,-1.064626443204716111e+02,2.842696857632547758e+00,-6.490882099204760891e+00
1.180000000000000077e-01,3.263224486857468909e-01,-1.068345444700730553e+02,2.830618813766077047e+00,-6.566612217439680599e+00
1.190000000000000085e-01,3.291530674995129524e-01,-1.072107836358314046e+02,2.818555293121313809e+00,-6.641642332147350558e+00
1.199999999999999956e-01,3.319716227926342578e-01,-1.075913217104988746e+02,2.806506294491905695e+00,-6.715972450830783202e+00
1.209999999999999964e-01,3.347781290871261750e-01,-1.079761185872576164e+02,2.794471816672953857e+00,-6.789602580922989183e+00
1.219999999999999973e-01,3.375726009037991471e-01,-1.083651341597156232e+02,2.782451858461009397e+00,-6.862532729786982699e+00
1.229999999999999982e-01,3.403550527622601907e-01,-1.087583283219028090e+02,2.770446418654076925e+00,-6.934762904715777942e+00
1.239999999999999991e-01,3.431254991809142285e-01,-1.091556609682669006e+02,2.758455496051612332e+00,-7.006293112932391765e+00
1.250000000000000000e-01,3.458839546769658102e-01,-1.095570919936694878e+02,2.746479089454523237e+00,-7.077123361589847228e+00
1.260000000000000009e-01,3.486304337664203334e-01,-1.099625812933820441e+02,2.734517197665169430e+00,-7.147253657771167390e+00
1.270000000000000018e-01,3.513649509640854873e-01,-1.103720887630817629e+02,2.722569819487361098e+00,-7.216684008489382407e+00
1.280000000000000027e-01,3.540875207835728622e-01,-1.107855742988477488e+02,2.710636953726361043e+00,-7.285414420687525983e+00
1.290000000000000036e-01,3.567981577372992263e-01,-1.112029977971569110e+02,2.698718599188882905e+00,-7.353444901238641584e+00
1.300000000000000044e-01,3.594968763364881359e-01,-1.116243191548798706e+02,2.686814754683090278e+00,-7.420775456945776227e+00
1.310000000000000053e-01,3.621836910911712115e-01,-1.120494982692771373e+02,2.674925419018598927e+00,-7.487406094541984913e+00
1.320000000000000062e-01,3.648586165101898038e-01,-1.124784950379949180e+02,2.663050591006475898e+00,-7.553336820690331521e+00
1.330000000000000071e-01,3.675216671011962699e-01,-1.129112693590612366e+02,2.651190269459237747e+00,-7.618567641983889693e+00
1.340000000000000080e-01,3.701728573706554726e-01,-1.133477811308818559e+02,2.639344453190853201e+00,-7.683098564945741060e+00
1.350000000000000089e-01,3.728122018238463342e-01,-1.137879902522362698e+02,2.627513141016739606e+00,-7.746929596028977905e+00
1.360000000000000098e-01,3.754397149648630583e-01,-1.142318566222737246e+02,2.615696331753766479e+00,-7.810060741616703162e+00
1.370000000000000107e-01,3.780554112966167946e-01,-1.146793401405091686e+02,2.603894024220252401e+00,-7.872492008022031307e+00
1.380000000000000115e-01,3.806593053208370270e-01,-1.151304007068193158e+02,2.592106217235966792e+00,-7.934223401488089245e+00
1.390000000000000124e-01,3.832514115380730169e-01,-1.155849982214385108e+02,2.580332909622129023e+00,-7.995254928188016308e+00
1.400000000000000133e-01,3.858317444476951907e-01,-1.160430925849548629e+02,2.568574100201408417e+00,-8.055586594224966035e+00
1.410000000000000142e-01,3.884003185478965836e-01,-1.165046436983061113e+02,2.556829787797923803e+00,-8.115218405632102616e+00
1.420000000000000151e-01,3.909571483356945043e-01,-1.169696114627757311e+02,2.545099971237243963e+00,-8.174150368372609776e+00
1.430000000000000160e-01,3.935022483069317012e-01,-1.174379557799887692e+02,2.533384649346387629e+00,-8.232382488339682780e+00
1.440000000000000169e-01,3.960356329562781386e-01,-1.179096365519080649e+02,2.521683820953822153e+00,-8.289914771356531986e+00
1.449999999999999900e-01,3.985573167772319403e-01,-1.183846136808299576e+02,2.509997484889465280e+00,-8.346747223176389952e+00
1.459999999999999909e-01,4.010673142621213882e-01,-1.188628470693804928e+02,2.498325639984682489e+00,-8.402879849482497221e+00
1.469999999999999918e-01,4.035656399021060881e-01,-1.193442966205113578e+02,2.486668285072290097e+00,-8.458312655888118314e+00
1.479999999999999927e-01,4.060523081871783568e-01,-1.198289222374958456e+02,2.475025418986552150e+00,-8.513045647936534621e+00
1.489999999999999936e-01,4.085273336061649441e-01,-1.203166838239248335e+02,2.463397040563182649e+00,-8.567078831101044400e+00
1.499999999999999944e-01,4.109907306467281418e-01,-1.208075412837027898e+02,2.451783148639342436e+00,-8.620412210784964557e+00
1.509999999999999953e-01,4.134425137953675056e-01,-1.213014545210438229e+02,2.440183742053643190e+00,-8.673045792321635972e+00
1.519999999999999962e-01,4.158826975374211865e-01,-1.217983834404675321e+02,2.428598819646144769e+00,-8.724979580974414617e+00
1.529999999999999971e-01,4.183112963570673193e-01,-1.222982879467951989e+02,2.417028380258353870e+00,-8.776213581936680441e+00
1.539999999999999980e-01,4.207283247373256874e-01,-1.228011279451455380e+02,2.405472422733227145e+00,-8.826747800331833815e+00
1.549999999999999989e-01,4.231337971600588888e-01,-1.233068633409309598e+02,2.393930945915169417e+00,-8.876582241213295532e+00
1.559999999999999998e-01,4.255277281059740568e-01,-1.238154540398532362e+02,2.382403948650031911e+00,-8.925716909564510360e+00
1.570000000000000007e-01,4.279101320546240816e-01,-1.243268599478998482e+02,2.370891429785115356e+00,-8.974151810298947041e+00
1.580000000000000016e-01,4.302810234844091641e-01,-1.248410409713396518e+02,2.359393388169167771e+00,-9.021886948260092964e+00
1.590000000000000024e-01,4.326404168725783705e-01,-1.253579570167191406e+02,2.347909822652385348e+00,-9.068922328221461271e+00
1.600000000000000033e-01,4.349883266952307981e-01,-1.258775679908581537e+02,2.336440732086411121e+00,-9.115257954886592628e+00
1.610000000000000042e-01,4.373247674273171848e-01,-1.263998338008462099e+02,2.324986115324336300e+00,-9.160893832889046351e+00
1.620000000000000051e-01,4.396497535426414638e-01,-1.269247143540381586e+02,2.313545971220698938e+00,-9.205829966792414609e+00
1.630000000000000060e-01,4.419632995138622067e-01,-1.274521695580504144e+02,2.302120298631485262e+00,-9.250066361090306444e+00
1.640000000000000069e-01,4.442654198124936782e-01,-1.279821593207568213e+02,2.290709096414127011e+00,-9.293603020206365528e+00
1.650000000000000078e-01,4.465561289089078345e-01,-1.285146435502846884e+02,2.279312363427504540e+00,-9.336439948494254182e+00
1.660000000000000087e-01,4.488354412723353226e-01,-1.290495821550107678e+02,2.267930098531944161e+00,-9.378577150237667581e+00
1.670000000000000095e-01,4.511033713708672566e-01,-1.295869350435572187e+02,2.256562300589219916e+00,-9.420014629650324878e+00
1.680000000000000104e-01,4.533599336714564942e-01,-1.301266621247876571e+02,2.245208968462552246e+00,-9.460752390875972750e+00
1.690000000000000113e-01,4.556051426399190807e-01,-1.306687233078031625e+02,2.233870101016607101e+00,-9.500790437988388959e+00
1.700000000000000122e-01,4.578390127409356913e-01,-1.312130785019381563e+02,2.222545697117498165e+00,-9.540128774991377014e+00
1.710000000000000131e-01,4.600615584380531864e-01,-1.317596876167564801e+02,2.211235755632785072e+00,-9.578767405818771508e+00
1.720000000000000140e-01,4.622727941936859986e-01,-1.323085105620473314e+02,2.199940275431473413e+00,-9.616706334334438111e+00
1.730000000000000149e-01,4.644727344691174653e-01,-1.328595072478214547e+02,2.188659255384016067e+00,-9.653945564332264695e+00
1.740000000000000158e-01,4.666613937245014943e-01,-1.334126375843067080e+02,2.177392694362310088e+00,-9.690485099536177316e+00
1.750000000000000167e-01,4.688387864188638399e-01,-1.339678614819445386e+02,2.166140591239699376e+00,-9.726324943600129558e+00
1.759999999999999898e-01,4.710049270101035468e-01,-1.345251388513856625e+02,2.154902944890974226e+00,-9.761465100108104309e+00
1.769999999999999907e-01,4.731598299549945041e-01,-1.350844296034861145e+02,2.143679754192369558e+00,-9.795905572574119091e+00
1.779999999999999916e-01,4.753035097091868888e-01,-1.356456936493032970e+02,2.132471018021566245e+00,-9.829646364442218953e+00
1.789999999999999925e-01,4.774359807272084422e-01,-1.362088909000919443e+02,2.121276735257690671e+00,-9.862687479086483577e+00
1.799999999999999933e-01,4.795572574624661355e-01,-1.367739812673001154e+02,2.110096904781315175e+00,-9.895028919811025503e+00
1.809999999999999942e-01,4.816673543672474467e-01,-1.373409246625651576e+02,2.098931525474455828e+00,-9.926670689849988349e+00
1.819999999999999951e-01,4.837662858927218590e-01,-1.379096809977098133e+02,2.087780596220575546e+00,-9.957612792367550369e+00
1.829999999999999960e-01,4.858540664889424709e-01,-1.384802101847379276e+02,2.076644115904580534e+00,-9.987855230457919120e+00
1.839999999999999969e-01,4.879307106048470510e-01,-1.390524721358308398e+02,2.065522083412823395e+00,-1.001739800714534034e+01
1.849999999999999978e-01,4.899962326882599251e-01,-1.396264267633430052e+02,2.054414497633100467e+00,-1.004624112538408909e+01
1.859999999999999987e-01,4.920506471858930309e-01,-1.402020339797982729e+02,2.043321357454653597e+00,-1.007438458805848214e+01
1.869999999999999996e-01,4.940939685433476392e-01,-1.407792536978856504e+02,2.032242661768168368e+00,-1.010182839798286203e+01
1.880000000000000004e-01,4.961262112051157969e-01,-1.413580458304554668e+02,2.021178409465775427e+00,-1.012857255790160949e+01
1.890000000000000013e-01,4.981473896145816038e-01,-1.419383702905152802e+02,2.010128599441049602e+00,-1.015461707048914342e+01
1.900000000000000022e-01,5.001575182140226561e-01,-1.425201869912258132e+02,1.999093230589009895e+00,-1.017996193834991381e+01
1.910000000000000031e-01,5.021566114446116558e-01,-1.431034558458970594e+02,1.988072301806119269e+00,-1.020460716401840529e+01
1.920000000000000040e-01,5.041446837464178543e-01,-1.436881367679843038e+02,1.977065811990284860e+00,-1.022855274995914243e+01
1.930000000000000049e-01,5.061217495584081627e-01,-1.442741896710838887e+02,1.966073760040857765e+00,-1.025179869856668446e+01
1.940000000000000058e-01,5.080878233184490389e-01,-1.448615744689294615e+02,1.955096144858632812e+00,-1.027434501216562346e+01
1.950000000000000067e-01,5.100429194633075980e-01,-1.454502510753878539e+02,1.944132965345848563e+00,-1.029619169301059323e+01
1.960000000000000075e-01,5.119870524286534996e-01,-1.460401794044550172e+02,1.933184220406186649e+00,-1.031733874328626221e+01
1.970000000000000084e-01,5.139202366490597251e-01,-1.466313193702521573e+02,1.922249908944773100e+00,-1.033778616510733350e+01
1.980000000000000093e-01,5.158424865580044649e-01,-1.472236308870215282e+02,1.911330029868176350e+00,-1.035753396051855013e+01
1.990000000000000102e-01,5.177538165878726728e-01,-1.478170738691226518e+02,1.900424582084408787e+00,-1.037658213149469333e+01
2.000000000000000111e-01,5.196542411699570652e-01,-1.484116082310281683e+02,1.889533564502925422e+00,-1.039493067994057718e+01
2.010000000000000120e-01,5.215437747344600083e-01,-1.490071938873197723e+02,1.878656976034624781e+00,-1.041257960769105750e+01
2.020000000000000129e-01,5.234224317104947399e-01,-1.496037907526844890e+02,1.867794815591847568e+00,-1.042952891651102654e+01
2.030000000000000138e-01,5.252902265260865899e-01,-1.502013587419102123e+02,1.856947082088377998e+00,-1.044577860809541647e+01
2.040000000000000147e-01,5.271471736081749793e-01,-1.507998577698821236e+02,1.846113774439442912e+00,-1.046132868406919769e+01
2.050000000000000155e-01,5.289932873826144188e-01,-1.513992477515784287e+02,1.835294891561711106e+00,-1.047617914598737521e+01
2.060000000000000164e-01,5.308285822741760640e-01,-1.519994886020664921e+02,1.824490432373294668e+00,-1.049032999533499755e+01
2.070000000000000173e-01,5.326530727065494908e-01,-1.526005402364986594e+02,1.813700395793747644e+00,-1.050378123352714610e+01
2.080000000000000182e-01,5.344667731023431401e-01,-1.532023625701084768e+02,1.802924780744066036e+00,-1.051653286190894931e+01
2.089999999999999913e-01,5.362696978830872041e-01,-1.538049155182064851e+02,1.792163586146688914e+00,-1.052858488175556673e+01
2.099999999999999922e-01,5.380618614692339596e-01,-1.544081589961763257e+02,1.781416810925496197e+00,-1.053993729427220138e+01
2.109999999999999931e-01,5.398432782801594332e-01,-1.550120529194706478e+02,1.770684454005810871e+00,-1.055059010059409275e+01
2.119999999999999940e-01,5.416139627341652885e-01,-1.556165572036071865e+02,1.759966514314396990e+00,-1.056054330178652378e+01
2.129999999999999949e-01,5.433739292484797145e-01,-1.562216317641647265e+02,1.749262990779460347e+00,-1.056979689884481566e+01
2.139999999999999958e-01,5.451231922392590912e-01,-1.568272365167789815e+02,1.738573882330649134e+00,-1.057835089269432416e+01
2.149999999999999967e-01,5.468617661215897652e-01,-1.574333313771387850e+02,1.727899187899052391e+00,-1.058620528419045215e+01
2.159999999999999976e-01,5.485896653094888276e-01,-1.580398762609819983e+02,1.717238906417200228e+00,-1.059336007411863712e+01
2.169999999999999984e-01,5.503069042159060009e-01,-1.586468310840913887e+02,1.706593036819064713e+00,-1.059981526319435829e+01
2.179999999999999993e-01,5.520134972527251938e-01,-1.592541557622907646e+02,1.695961578040059425e+00,-1.060557085206313488e+01
2.190000000000000002e-01,5.537094588307651666e-01,-1.598618102114409396e+02,1.685344529017037685e+00,-1.061062684130052602e+01
2.200000000000000011e-01,5.553948033597821965e-01,-1.604697543474356962e+02,1.674741888688294766e+00,-1.061498323141212907e+01
2.210000000000000020e-01,5.570695452484705212e-01,-1.610779480861977504e+02,1.664153655993567016e+00,-1.061864002283358488e+01
2.220000000000000029e-01,5.587336989044641156e-01,-1.616863513436748292e+02,1.653579829874030960e+00,-1.062159721593057249e+01
2.230000000000000038e-01,5.603872787343381345e-01,-1.622949240358355496e+02,1.643020409272303972e+00,-1.062385481099880913e+01
2.240000000000000047e-01,5.620302991436103568e-01,-1.629036260786655248e+02,1.632475393132444053e+00,-1.062541280826405732e+01
2.250000000000000056e-01,5.636627745367428499e-01,-1.635124173881632998e+02,1.621944780399949382e+00,-1.062627120788211421e+01
2.260000000000000064e-01,5.652847193171427476e-01,-1.641212578803363442e+02,1.611428570021758988e+00,-1.062643000993882048e+01
2.270000000000000073e-01,5.668961478871645809e-01,-1.647301074711969875e+02,1.600926760946251415e+00,-1.062588921445005674e+01
2.280000000000000082e-01,5.684970746481108339e-01,-1.653389260767585540e+02,1.590439352123246497e+00,-1.062464882136174360e+01
2.290000000000000091e-01,5.700875140002340524e-01,-1.659476736130312418e+02,1.579966342504002474e+00,-1.062270883054984338e+01
2.300000000000000100e-01,5.716674803427380658e-01,-1.665563099960181148e+02,1.569507731041218879e+00,-1.062006924182035306e+01
2.310000000000000109e-01,5.732369880737792078e-01,-1.671647951417110960e+02,1.559063516689034534e+00,-1.061673005490931665e+01
2.320000000000000118e-01,5.747960515904682044e-01,-1.677730889660871298e+02,1.548633698403028003e+00,-1.061269126948281283e+01
2.330000000000000127e-01,5.763446852888712835e-01,-1.683811513851038058e+02,1.538218275140217139e+00,-1.060795288513696732e+01
2.340000000000000135e-01,5.778829035640115075e-01,-1.689889423146957768e+02,1.527817245859059980e+00,-1.060251490139793873e+01
2.350000000000000144e-01,5.794107208098704387e-01,-1.695964216707704679e+02,1.517430609519453633e+00,-1.059637731772192737e+01
2.360000000000000153e-01,5.809281514193900264e-01,-1.702035493692040689e+02,1.507058365082734275e+00,-1.058954013349517886e+01
2.370000000000000162e-01,5.824352097844727183e-01,-1.708102853258377536e+02,1.496700511511677600e+00,-1.058200334803396991e+01
2.380000000000000171e-01,5.839319102959843466e-01,-1.714165894564734174e+02,1.486357047770497930e+00,-1.057376696058462784e+01
2.390000000000000180e-01,5.854182673437547946e-01,-1.720224216768697545e+02,1.476027972824849099e+00,-1.056483097032350926e+01
2.399999999999999911e-01,5.868942953165797727e-01,-1.726277419027384212e+02,1.465713285641823793e+00,-1.055519537635701610e+01
2.409999999999999920e-01,5.883600086022215958e-01,-1.732325100497396306e+02,1.455412985189953101e+00,-1.054486017772159023e+01
2.419999999999999929e-01,5.898154215874115147e-01,-1.738366860334786850e+02,1.445127070439206962e+00,-1.053382537338370994e+01
2.429999999999999938e-01,5.912605486578507152e-01,-1.744402297695013715e+02,1.434855540360994164e+00,-1.052209096223989704e+01
2.439999999999999947e-01,5.926954041982116506e-01,-1.750431011732904949e+02,1.424598393928161233e+00,-1.050965694311670795e+01
2.449999999999999956e-01,5.941200025921398176e-01,-1.756452601602614152e+02,1.414355630114993767e+00,-1.049652331477074263e+01
2.459999999999999964e-01,5.955343582222548671e-01,-1.762466666457584381e+02,1.404127247897215547e+00,-1.048269007588863744e+01
2.469999999999999973e-01,5.969384854701520471e-01,-1.768472805450505234e+02,1.393913246251988092e+00,-1.046815722508706870e+01
2.479999999999999982e-01,5.983323987164039792e-01,-1.774470617733274196e+02,1.383713624157911326e+00,-1.045292476091275269e+01
2.489999999999999991e-01,5.997161123405619909e-01,-1.780459702456955142e+02,1.373528380595023357e+00,-1.043699268184244033e+01
2.500000000000000000e-01,6.010896407211570036e-01,-1.786439658771740255e+02,1.363357514544799143e+00,-1.042036098628292606e+01
2.510000000000000009e-01,6.024529982357018643e-01,-1.792410085826907959e+02,1.353201024990152712e+00,-1.040302967257103894e+01
2.520000000000000018e-01,6.038061992606920114e-01,-1.798370582770785120e+02,1.343058910915434945e+00,-1.038499873897364800e+01
2.530000000000000027e-01,6.051492581716073627e-01,-1.804320748750703558e+02,1.332931171306434015e+00,-1.036626818368765868e+01
2.540000000000000036e-01,6.064821893429137578e-01,-1.810260182912963955e+02,1.322817805150376502e+00,-1.034683800484001814e+01
2.550000000000000044e-01,6.078050071480641803e-01,-1.816188484402793222e+02,1.312718811435925614e+00,-1.032670820048770643e+01
2.560000000000000053e-01,6.091177259594999782e-01,-1.822105252364304135e+02,1.302634189153181854e+00,-1.030587876861774177e+01
2.570000000000000062e-01,6.104203601486533071e-01,-1.828010085940456690e+02,1.292563937293683018e+00,-1.028434970714718588e+01
2.580000000000000071e-01,6.117129240859470185e-01,-1.833902584273018022e+02,1.282508054850404200e+00,-1.026212101392312981e+01
2.590000000000000080e-01,6.129954321407974360e-01,-1.839782346502521193e+02,1.272466540817756897e+00,-1.023919268672270277e+01
2.600000000000000089e-01,6.142678986816151321e-01,-1.845648971768225408e+02,1.262439394191589681e+00,-1.021556472325307219e+01
2.610000000000000098e-01,6.155303380758067044e-01,-1.851502059208076503e+02,1.252426613969187974e+00,-1.019123712115144542e+01
2.620000000000000107e-01,6.167827646897758864e-01,-1.857341207958666871e+02,1.242428199149273826e+00,-1.016620987798505915e+01
2.630000000000000115e-01,6.180251928889251012e-01,-1.863166017155194538e+02,1.232444148732005473e+00,-1.014048299125118824e+01
2.640000000000000124e-01,6.192576370376571271e-01,-1.868976085931423370e+02,1.222474461718978223e+00,-1.011405645837714573e+01
2.650000000000000133e-01,6.204801114993760969e-01,-1.874771013419643850e+02,1.212519137113223122e+00,-1.008693027672027753e+01
2.660000000000000142e-01,6.216926306364892740e-01,-1.880550398750631871e+02,1.202578173919208071e+00,-1.005910444356796596e+01
2.670000000000000151e-01,6.228952088104084961e-01,-1.886313841053609224e+02,1.192651571142836264e+00,-1.003057895613762973e+01
2.680000000000000160e-01,6.240878603815513959e-01,-1.892060939456203243e+02,1.182739327791447748e+00,-1.000135381157671688e+01
2.690000000000000169e-01,6.252705997093427337e-01,-1.897791293084407585e+02,1.172841442873818085e+00,-9.971429006962711838e+00
2.700000000000000178e-01,6.264434411522166180e-01,-1.903504501062540442e+02,1.162957915400158804e+00,-9.940804539303139009e+00
2.710000000000000187e-01,6.276063990676167270e-01,-1.909200162513206180e+02,1.153088744382117170e+00,-9.909480405535548542e+00
2.720000000000000195e-01,6.287594878119988628e-01,-1.914877876557253842e+02,1.143233928832775970e+00,-9.877456602527526996e+00
2.730000000000000204e-01,6.299027217408316170e-01,-1.920537242313738489e+02,1.133393467766653728e+00,-9.844733127076693791e+00
2.740000000000000213e-01,6.310361152085982583e-01,-1.926177858899879709e+02,1.123567360199704712e+00,-9.811309975910704750e+00
2.750000000000000222e-01,6.321596825687979537e-01,-1.931799325431022396e+02,1.113755605149317374e+00,-9.777187145687239678e+00
2.760000000000000231e-01,6.332734381739473228e-01,-1.937401241020596672e+02,1.103958201634316794e+00,-9.742364632994020113e+00
2.770000000000000240e-01,6.343773963755816592e-01,-1.942983204780077529e+02,1.094175148674962461e+00,-9.706842434348789794e+00
2.780000000000000249e-01,6.354715715242565954e-01,-1.948544815818944471e+02,1.084406445292948939e+00,-9.670620546199334200e+00
2.790000000000000258e-01,6.365559779695496578e-01,-1.954085673244641441e+02,1.074652090511406310e+00,-9.633698964923462782e+00
2.800000000000000266e-01,6.376306300600609323e-01,-1.959605376162538164e+02,1.064912083354898620e+00,-9.596077686829016073e+00
2.810000000000000275e-01,6.386955421434158398e-01,-1.965103523675887800e+02,1.055186422849425432e+00,-9.557756708153865688e+00
2.820000000000000284e-01,6.397507285662652476e-01,-1.970579714885788576e+02,1.045475108022420718e+00,-9.518736025065916095e+00
2.830000000000000293e-01,6.407962036742876899e-01,-1.976033548891142573e+02,1.035778137902752638e+00,-9.479015633663099294e+00
2.840000000000000302e-01,6.418319818121904774e-01,-1.981464624788616788e+02,1.026095511520724646e+00,-9.438595529973373033e+00
2.850000000000000311e-01,6.428580773237111412e-01,-1.986872541672601926e+02,1.016427227908073716e+00,-9.397475709954729695e+00
2.860000000000000320e-01,6.438745045516192089e-01,-1.992256898635172888e+02,1.006773286097971676e+00,-9.355656169495183860e+00
2.870000000000000329e-01,6.448812778377172039e-01,-1.997617294766048985e+02,9.971336851250245381e-01,-9.313136904412786521e+00
2.880000000000000338e-01,6.458784115228421996e-01,-2.002953329152553010e+02,9.875084240252717249e-01,-9.269917910455607313e+00
2.889999999999999791e-01,6.468659199468674847e-01,-2.008264600879571447e+02,9.778975018361875104e-01,-9.225999183301748729e+00
2.899999999999999800e-01,6.478438174487035628e-01,-2.013550709029514962e+02,9.683009175966795778e-01,-9.181380718559337240e+00
2.909999999999999809e-01,6.488121183663002611e-01,-2.018811252682277200e+02,9.587186703470894633e-01,-9.136062511766525063e+00
2.919999999999999818e-01,6.497708370366473973e-01,-2.024045830915196404e+02,9.491507591291924451e-01,-9.090044558391493723e+00
2.929999999999999827e-01,6.507199877957765555e-01,-2.029254042803013363e+02,9.395971829861975433e-01,-9.043326853832448720e+00
2.939999999999999836e-01,6.516595849787628625e-01,-2.034435487417832462e+02,9.300579409627468541e-01,-8.995909393417615973e+00
2.949999999999999845e-01,6.525896429197255433e-01,-2.039589763829081619e+02,9.205330321049164377e-01,-8.947792172405252487e+00
2.959999999999999853e-01,6.535101759518304743e-01,-2.044716471103471918e+02,9.110224554602153191e-01,-8.898975185983635683e+00
2.969999999999999862e-01,6.544211984072906274e-01,-2.049815208304956968e+02,9.015262100775857101e-01,-8.849458429271063409e+00
2.979999999999999871e-01,6.553227246173682907e-01,-2.054885574494693969e+02,8.920442950074034538e-01,-8.799241897315864591e+00
2.989999999999999880e-01,6.562147689123757344e-01,-2.059927168731002780e+02,8.825767093014765807e-01,-8.748325585096386803e+00
2.999999999999999889e-01,6.570973456216772091e-01,-2.064939590069326414e+02,8.731234520130467525e-01,-8.696709487520994486e+00
3.009999999999999898e-01,6.579704690736901673e-01,-2.069922437562189543e+02,8.636845221967882624e-01,-8.644393599428079611e+00
3.019999999999999907e-01,6.588341535958870399e-01,-2.074875310259160699e+02,8.542599189088080358e-01,-8.591377915586054570e+00
3.029999999999999916e-01,6.596884135147957906e-01,-2.079797807206810489e+02,8.448496412066458516e-01,-8.537662430693348625e+00
3.039999999999999925e-01,6.605332631560025813e-01,-2.084689527448671811e+02,8.354536881492738987e-01,-8.483247139378415014e+00
3.049999999999999933e-01,6.613687168441518827e-01,-2.089550070025200057e+02,8.260720587970967754e-01,-8.428132036199725619e+00
3.059999999999999942e-01,6.621947889029489165e-01,-2.094379033973732476e+02,8.167047522119514902e-01,-8.372317115645767416e+00
3.069999999999999951e-01,6.630114936551608773e-01,-2.099176018328448947e+02,8.073517674571076830e-01,-8.315802372135049580e+00
3.079999999999999960e-01,6.638188454226180424e-01,-2.103940622120331057e+02,7.980131035972666265e-01,-8.258587800016098157e+00
3.089999999999999969e-01,6.646168585262153261e-01,-2.108672444377122588e+02,7.886887596985618920e-01,-8.200673393567454283e+00
3.099999999999999978e-01,6.654055472859139453e-01,-2.113371084123288881e+02,7.793787348285593497e-01,-8.142059146997681296e+00
3.109999999999999987e-01,6.661849260207425294e-01,-2.118036140379977894e+02,7.700830280562563912e-01,-8.082745054445350519e+00
3.119999999999999996e-01,6.669550090487987859e-01,-2.122667212164977286e+02,7.608016384520822628e-01,-8.022731109979053699e+00
3.130000000000000004e-01,6.677158106872507215e-01,-2.127263898492678607e+02,7.515345650878981765e-01,-7.962017307597396787e+00
3.140000000000000013e-01,6.684673452523386405e-01,-2.131825798374032956e+02,7.422818070369966437e-01,-7.900603641229000829e+00
3.150000000000000022e-01,6.692096270593755891e-01,-2.136352510816514041e+02,7.330433633741019195e-01,-7.838490104732496633e+00
3.160000000000000031e-01,6.699426704227497975e-01,-2.140843634824076389e+02,7.238192331753695585e-01,-7.775676691896532766e+00
3.170000000000000040e-01,6.706664896559251243e-01,-2.145298769397115564e+02,7.146094155183865260e-01,-7.712163396439767560e+00
3.180000000000000049e-01,6.713810990714434990e-01,-2.149717513532428370e+02,7.054139094821711975e-01,-7.647950212010869109e+00
3.190000000000000058e-01,6.720865129809256988e-01,-2.154099466223172499e+02,6.962327141471729153e-01,-7.583037132188522378e+00
3.200000000000000067e-01,6.727827456950729035e-01,-2.158444226458826449e+02,6.870658285952720989e-01,-7.517424150481416767e+00
3.210000000000000075e-01,6.734698115236680271e-01,-2.162751393225149457e+02,6.779132519097803566e-01,-7.451111260328255881e+00
3.220000000000000084e-01,6.741477247755778279e-01,-2.167020565504141700e+02,6.687749831754398189e-01,-7.384098455097749536e+00
3.230000000000000093e-01,6.748164997587533520e-01,-2.171251342274003093e+02,6.596510214784236936e-01,-7.316385728088618201e+00
3.240000000000000102e-01,6.754761507802318210e-01,-2.175443322509095765e+02,6.505413659063357112e-01,-7.247973072529587668e+00
3.250000000000000111e-01,6.761266921461381862e-01,-2.179596105179899723e+02,6.414460155482104575e-01,-7.178860481579392605e+00
3.260000000000000120e-01,6.767681381616864611e-01,-2.183709289252977044e+02,6.323649694945128186e-01,-7.109047948326775668e+00
3.270000000000000129e-01,6.774005031311809422e-01,-2.187782473690929805e+02,6.232982268371383139e-01,-7.038535465790483059e+00
3.280000000000000138e-01,6.780238013580182077e-01,-2.191815257452359162e+02,6.142457866694124302e-01,-6.967323026919265416e+00
3.290000000000000147e-01,6.786380471446876728e-01,-2.195807239491826977e+02,6.052076480860913987e-01,-6.895410624591878701e+00
3.300000000000000155e-01,6.792432547927736985e-01,-2.199758018759814604e+02,5.961838101833613068e-01,-6.822798251617084198e+00
3.310000000000000164e-01,6.798394386029570358e-01,-2.203667194202683675e+02,5.871742720588380982e-01,-6.749485900733643184e+00
3.320000000000000173e-01,6.804266128750158238e-01,-2.207534364762634311e+02,5.781790328115682387e-01,-6.675473564610321375e+00
3.330000000000000182e-01,6.810047919078273670e-01,-2.211359129377667614e+02,5.691980915420278286e-01,-6.600761235845884478e+00
3.340000000000000191e-01,6.815739899993694673e-01,-2.215141086981543026e+02,5.602314473521226024e-01,-6.525348906969100859e+00
3.350000000000000200e-01,6.821342214467216447e-01,-2.218879836503738829e+02,5.512790993451883725e-01,-6.449236570438737104e+00
3.360000000000000209e-01,6.826855005460668036e-01,-2.222574976869414911e+02,5.423410466259900309e-01,-6.372424218643558902e+00
3.370000000000000218e-01,6.832278415926927861e-01,-2.226226106999367005e+02,5.334172883007223254e-01,-6.294911843902331050e+00
3.380000000000000226e-01,6.837612588809934833e-01,-2.229832825809992300e+02,5.245078234770096381e-01,-6.216699438463816563e+00
3.390000000000000235e-01,6.842857667044704995e-01,-2.233394732213245391e+02,5.156126512639053194e-01,-6.137786994506774896e+00
3.400000000000000244e-01,6.848013793557343742e-01,-2.236911425116600753e+02,5.067317707718923536e-01,-6.058174504139961059e+00
3.410000000000000253e-01,6.853081111265062475e-01,-2.240382503423010405e+02,4.978651811128824711e-01,-5.977861959402127390e+00
3.420000000000000262e-01,6.858059763076190807e-01,-2.243807566030866099e+02,4.890128814002167590e-01,-5.896849352262018229e+00
3.430000000000000271e-01,6.862949891890193221e-01,-2.247186211833956690e+02,4.801748707486652723e-01,-5.815136674618372581e+00
3.440000000000000280e-01,6.867751640597680174e-01,-2.250518039721430625e+02,4.713511482744269232e-01,-5.732723918299924115e+00
3.450000000000000289e-01,6.872465152080423634e-01,-2.253802648577753303e+02,4.625417130951295364e-01,-5.649611075065396726e+00
3.460000000000000298e-01,6.877090569211374849e-01,-2.257039637282669560e+02,4.537465643298295714e-01,-5.565798136603504531e+00
3.470000000000000306e-01,6.881628034854673226e-01,-2.260228604711161040e+02,4.449657010990120676e-01,-5.481285094532955426e+00
3.480000000000000315e-01,6.886077691865664097e-01,-2.263369149733408108e+02,4.361991225245908099e-01,-5.396071940402444866e+00
3.490000000000000324e-01,6.890439683090909817e-01,-2.266460871214748067e+02,4.274468277299077745e-01,-5.310158665690657642e+00
3.500000000000000333e-01,6.894714151368208643e-01,-2.269503368015637363e+02,4.187088158397336835e-01,-5.223545261806265216e+00
3.510000000000000342e-01,6.898901239526605833e-01,-2.272496238991607811e+02,4.099850859802672276e-01,-5.136231720087929276e+00
3.519999999999999796e-01,6.903001090386408078e-01,-2.275439082993230784e+02,4.012756372791354553e-01,-5.048218031804292849e+00
3.529999999999999805e-01,6.907013846759200160e-01,-2.278331498866072877e+02,3.925804688653935504e-01,-4.959504188153989190e+00
3.539999999999999813e-01,6.910939651447853826e-01,-2.281173085450659812e+02,3.838995798695246098e-01,-4.870090180265632007e+00
3.549999999999999822e-01,6.914778647246548893e-01,-2.283963441582432949e+02,3.752329694234396995e-01,-4.779975999197822567e+00
3.559999999999999831e-01,6.918530976940784338e-01,-2.286702166091711774e+02,3.665806366604778543e-01,-4.689161635939141703e+00
3.569999999999999840e-01,6.922196783307388301e-01,-2.289388857803651547e+02,3.579425807154056893e-01,-4.597647081408154257e+00
3.579999999999999849e-01,6.925776209114542503e-01,-2.292023115538204650e+02,3.493188007244177329e-01,-4.505432326453402858e+00
3.589999999999999858e-01,6.929269397121786689e-01,-2.294604538110080227e+02,3.407092958251359271e-01,-4.412517361853413256e+00
3.599999999999999867e-01,6.932676490080038612e-01,-2.297132724328704114e+02,3.321140651566097390e-01,-4.318902178316689877e+00
3.609999999999999876e-01,6.935997630731604024e-01,-2.299607272998178189e+02,3.235331078593162157e-01,-4.224586766481712274e+00
3.619999999999999885e-01,6.939232961810197775e-01,-2.302027782917240017e+02,3.149664230751595406e-01,-4.129571116916939566e+00
3.629999999999999893e-01,6.942382626040949356e-01,-2.304393852879224767e+02,3.064140099474712553e-01,-4.033855220120808660e+00
3.639999999999999902e-01,6.945446766140424000e-01,-2.306705081672022573e+02,2.978758676210100931e-01,-3.937439066521727593e+00
3.649999999999999911e-01,6.948425524816634891e-01,-2.308961068078038466e+02,2.893519952419617014e-01,-3.840322646478082635e+00
3.659999999999999920e-01,6.951319044769054267e-01,-2.311161410874155990e+02,2.808423919579389194e-01,-3.742505950278231186e+00
3.669999999999999929e-01,6.954127468688634517e-01,-2.313305708831691163e+02,2.723470569179814449e-01,-3.643988968140503548e+00
3.679999999999999938e-01,6.956850939257813726e-01,-2.315393560716357513e+02,2.638659892725557787e-01,-3.544771690213202042e+00
3.689999999999999947e-01,6.959489599150538996e-01,-2.317424565288224017e+02,2.553991881735551139e-01,-3.444854106574598340e+00
3.699999999999999956e-01,6.962043591032274215e-01,-2.319398321301674457e+02,2.469466527742993356e-01,-3.344236207232933911e+00
3.709999999999999964e-01,6.964513057560017817e-01,-2.321314427505367348e+02,2.385083822295349099e-01,-3.242917982126419130e+00
3.719999999999999973e-01,6.966898141382312781e-01,-2.323172482642196428e+02,2.300843756954347730e-01,-3.140899421123231505e+00
3.729999999999999982e-01,6.969198985139267721e-01,-2.324972085449250869e+02,2.216746323295983312e-01,-3.038180514021515233e+00
3.739999999999999991e-01,6.971415731462563548e-01,-2.326712834657774067e+02,2.132791512910511833e-01,-2.934761250549378975e+00
3.750000000000000000e-01,6.973548522975473452e-01,-2.328394328993124418e+02,2.048979317402452316e-01,-2.830641620364896749e+00
3.760000000000000009e-01,6.975597502292876229e-01,-2.330016167174734392e+02,1.965309728390585708e-01,-2.725821613056105708e+00
3.770000000000000018e-01,6.977562812021266270e-01,-2.331577947916070741e+02,1.881782737507952386e-01,-2.620301218141004362e+00
3.780000000000000027e-01,6.979444594758774656e-01,-2.333079269924595565e+02,1.798398336401853814e-01,-2.514080425067553914e+00
3.790000000000000036e-01,6.981242993095175819e-01,-2.334519731901723674e+02,1.715156516733849779e-01,-2.407159223213675148e+00
3.800000000000000044e-01,6.982958149611909748e-01,-2.335898932542785076e+02,1.632057270179758102e-01,-2.299537601887247540e+00
3.810000000000000053e-01,6.984590206882088648e-01,-2.337216470536982911e+02,1.549100588429654368e-01,-2.191215550326108819e+00
3.820000000000000062e-01,6.986139307470519144e-01,-2.338471944567353944e+02,1.466286463187870537e-01,-2.082193057698053629e+00
3.830000000000000071e-01,6.987605593933706727e-01,-2.339664953310729061e+02,1.383614886172993552e-01,-1.972470113100833755e+00
3.840000000000000080e-01,6.988989208819879062e-01,-2.340795095437692623e+02,1.301085849117866178e-01,-1.862046705562153903e+00
3.850000000000000089e-01,6.990290294668997095e-01,-2.341861969612542111e+02,1.218699343769584637e-01,-1.750922824039673475e+00
3.860000000000000098e-01,6.991508994012766154e-01,-2.342865174493248333e+02,1.136455361889498056e-01,-1.639098457421004351e+00
3.870000000000000107e-01,6.992645449374655930e-01,-2.343804308731414494e+02,1.054353895253208745e-01,-1.526573594523709998e+00
3.880000000000000115e-01,6.993699803269909365e-01,-2.344678970972237266e+02,9.723949356505696973e-02,-1.413348224095303918e+00
3.890000000000000124e-01,6.994672198205560409e-01,-2.345488759854467560e+02,8.905784748856850064e-02,-1.299422334813249202e+00
3.900000000000000133e-01,6.995562776680446238e-01,-2.346233274010365619e+02,8.089045047769087560e-02,-1.184795915284956758e+00
3.910000000000000142e-01,6.996371681185222791e-01,-2.346912112065667202e+02,7.273730171568436320e-02,-1.069468954047784859e+00
3.920000000000000151e-01,6.997099054202379209e-01,-2.347524872639539240e+02,6.459840038723412003e-02,-9.534414395690372634e-01
3.930000000000000160e-01,6.997745038206251156e-01,-2.348071154344541185e+02,5.647374567845000332e-02,-8.367133602459624342e-01
3.940000000000000169e-01,6.998309775663035248e-01,-2.348550555786584368e+02,4.836333677686653620e-02,-7.192847044057525396e-01
3.950000000000000178e-01,6.998793409030803492e-01,-2.348962675564891924e+02,4.026717287144283147e-02,-6.011554603055420110e-01
3.960000000000000187e-01,6.999196080759518823e-01,-2.349307112271959568e+02,3.218525315256249436e-02,-4.823256161324063762e-01
3.970000000000000195e-01,6.999517933291043992e-01,-2.349583464493513816e+02,2.411757681203355666e-02,-3.627951600033613166e-01
3.980000000000000204e-01,6.999759109059164874e-01,-2.349791330808473617e+02,1.606414304308838303e-02,-2.425640799653611956e-01
3.990000000000000213e-01,6.999919750489594916e-01,-2.349930309788908858e+02,8.024951040383598161e-03,-1.216323639952979485e-01
4.000000000000000222e-01,6.999999999999999556e-01,-2.350000000000000000e+02,0.000000000000000000e+00,0.000000000000000000e+00
